id,s,t,name,res_id
0,1,1,h_0,1
1,1,2,h_1,3
2,1,4,h_2,7
3,1,8,h_3,15
4,3,11,c_0,23
5,5,14,Ph_1,29
6,5,16,Ph_2,33
7,1,16,h_4,35
8,4,18,d_0,42
9,4,21,e_0,56
10,4,22,[f_0],62
11,3,22,c_1,64
12,7,23,Pc_0,67
13,4,24,g,72
14,9,26,P^2h_1,78
15,9,28,P^2h_2,86
16,8,30,Pd_0,94
17,7,30,i,95
18,1,32,h_5,105
19,8,33,Pe_0,108
20,7,33,j,109
21,11,35,P^2c_0,123
22,7,36,k,131
23,6,36,"(\Delta h_2^2)",132
24,5,36,n,133
25,4,36,d_1,135
26,4,37,p,144
27,13,38,P^3h_1,147
28,6,38,"(\Delta h_1h_3)",152
29,7,39,l,159
30,13,40,P^3h_2,162
31,12,42,P^2d_0,181
32,7,42,m,184
33,6,42,t,185
34,5,42,x,186
35,4,42,[e_1],187
36,6,44,"x_{38, 6}",206
37,4,44,[f_1],209
38,3,44,c_2,211
39,12,45,P^2e_0,214
40,11,45,Pj,215
41,15,47,P^3c_0,235
42,9,48,"(\Delta h_1d_0)",244
43,4,48,g_2,248
44,17,50,P^4h_1,258
45,10,51,"(\Delta h_0^2e_0)",269
46,9,51,"(\Delta h_1e_0)",270
47,17,52,P^4h_2,274
48,7,53,"M h_1",286
49,16,54,P^3d_0,291
50,15,54,P^2i,292
51,9,54,"(\Delta h_1g)",296
52,8,54,"(\Delta h_2c_1)",297
53,7,55,"x_{48, 7}",309
54,6,56,C,319
55,16,57,P^3e_0,323
56,15,57,P^2j,324
57,5,57,D_1,331
58,19,59,P^4c_0,342
59,13,60,"(\Delta h_0^2i + P\Delta h_1d_0)",351
60,13,60,"(\Delta h_0^2i)",352
61,6,60,(\Delta_1h_1^2),359
62,21,62,P^5h_1,367
63,13,63,"P(\Delta h_1e_0)",382
64,10,63,M\!P,385
65,21,64,P^5h_2,389
66,10,64,"x_{54, 10}",396
67,7,64,Q_2,398
68,6,64,D_2,399
69,1,64,h_6,401
70,4,65,D_3,415
71,20,66,"x_{46, 20}",420
72,10,66,"x_{56, 10}",430
73,7,67,Mh_4,449
74,6,67,(A+A^{\prime}),450
75,6,67,A,451
76,5,67,[H_1],452
77,20,69,"x_{49, 20}",478
78,19,69,"x_{50, 19}",479
79,10,69,Md_0,488
80,9,69,[B_4],489
81,9,70,"(\Delta x)",507
82,8,70,"(\Delta e_1+C_0+h_0^6h_5^2)",508
83,8,70,(C_0+h_0^6h_5^2),509
84,7,70,X_2,511
85,7,70,(C^{\prime}+X_2),512
86,6,70,A^{\prime\prime},514
87,23,71,P^5c_0,519
88,17,72,"x_{55, 17}",538
89,10,72,"x_{62, 10}",547
90,10,72,"x_{62, 10, 1}",548
91,6,72,(\Delta_1h_3^2),558
92,5,72,Q_3,559
93,5,72,n_1,560
94,4,72,d_2,561
95,7,73,"x_{66, 7}",576
96,4,73,p^{\prime},581
97,25,74,P^6h_1,584
98,10,74,[\Delta^2h_1h_4],595
99,4,74,p_1,603
100,17,75,"P^2(\Delta h_1e_0)",610
101,10,75,Mg,617
102,25,76,P^6h_2,628
103,10,76,(B_5+D_2^{\prime}),636
104,10,76,D_2^{\prime},637
105,9,76,C^{\prime\prime},638
106,9,76,X_3,639
107,8,76,"x_{68, 8}",640
108,8,77,D_3^{\prime},660
109,6,77,"x_{71, 6}",663
110,24,78,"x_{54, 24}",668
111,23,78,"x_{55, 23}",669
112,14,78,"x_{64, 14}",678
113,13,78,"x_{65, 13}",681
114,11,78,(\Delta^2c_1),684
115,10,79,P(A+A^{\prime}),706
116,24,81,"x_{57, 24}",736
117,23,81,"x_{58, 23}",737
118,13,81,[\Delta^2h_0g],749
119,13,82,(\Delta^2h_1g),768
120,8,82,"x_{74, 8}",773
121,7,82,"x_{75, 7}",775
122,6,82,"x_{76, 6}",776
123,27,83,P^6c_0,782
124,12,83,[\Delta^2h_4c_0],789
125,21,84,"P^3(\Delta h_1d_0)",805
126,13,84,"x_{71, 13}",817
127,13,84,"x_{71, 13, 1}",818
128,7,84,"x_{77, 7}",825
129,7,84,"x_{77, 7, 1}",826
130,6,84,t_1,829
131,5,84,x_1,832
132,4,84,e_2,833
133,9,85,"x_{76, 9}",848
134,8,85,"x_{77, 8}",850
135,29,86,P^7h_1,860
136,21,87,"P^3(\Delta h_1e_0)",890
137,18,87,"x_{69, 18}",893
138,17,87,"x_{70, 17}",895
139,9,87,"x_{78, 9}",902
140,29,88,P^7h_2,910
141,10,88,"x_{78, 10}",924
142,4,88,[f_2],932
143,3,88,c_3,934
144,12,89,"x_{77, 12}",946
145,28,90,P^6d_0,960
146,18,90,"x_{72, 18}",970
147,17,90,"x_{73, 17}",972
148,6,91,"x_{85, 6}",1013
149,16,92,"x_{76, 16}",1026
150,13,92,"x_{79, 13}",1028
151,12,92,(\Delta^2d_1),1029
152,28,93,P^6e_0,1040
153,27,93,P^5j,1041
154,16,93,"x_{77, 16}",1057
155,12,93,(\Delta^2p),1060
156,14,94,"x_{80, 14}",1081
157,10,94,"x_{84, 10}",1087
158,7,94,"x_{87, 7}",1090
159,31,95,P^7c_0,1093
160,16,95,"x_{79, 16}",1102
161,25,96,"P^4(\Delta h_1d_0)",1110
162,16,96,"x_{80, 16}",1126
163,4,96,g_3,1140
164,10,97,"(\Delta h_1H_1)",1154
165,33,98,P^8h_1,1162
166,16,98,(\Delta^2e_0^2),1171
167,15,98,(\Delta^2m),1172
168,14,98,(\Delta^2t),1173
169,13,98,(\Delta^2x),1174
170,12,98,(\Delta^2e_1),1175
171,25,99,"x_{74, 25}",1188
172,15,99,"x_{84, 15}",1202
173,15,99,"x_{84, 15, 1}",1203
174,8,99,"x_{91, 8}",1210
175,33,100,P^8h_2,1216
176,14,100,"x_{86, 14}",1228
177,12,100,"x_{88, 12}",1232
178,11,100,(\Delta^2c_2),1235
179,10,100,"(\Delta \Delta_1h_3^2)",1236
180,16,101,"x_{85, 16}",1255
181,8,101,"x_{93, 8}",1267
182,32,102,"x_{70, 32}",1273
183,31,102,"x_{71, 31}",1274
184,22,102,"x_{80, 22}",1281
185,21,102,"x_{81, 21}",1283
186,15,102,"[M(\Delta h_1e_0)]",1297
187,12,102,(M^2),1302
188,11,102,"x_{91, 11}",1303
189,10,102,"x_{92, 10}",1305
190,8,102,"x_{94, 8}",1308
191,7,102,"x_{95, 7}",1309
192,10,103,"x_{93, 10}",1332
193,17,104,(\Delta^3h_1d_0),1350
194,16,104,(\Delta^2g^2),1351
195,12,104,"x_{92, 12}",1357
196,10,104,"x_{94, 10}",1361
197,8,104,(\Delta_1g_2),1366
198,7,104,"x_{97, 7}",1368
199,32,105,"x_{73, 32}",1375
200,31,105,"x_{74, 31}",1376
201,12,105,"x_{93, 12}",1399
202,10,105,"x_{95, 10}",1403
203,7,106,"x_{99, 7}",1440
204,7,106,M_1h_2,1441
205,35,107,P^8c_0,1448
206,20,107,P(\Delta^2d_0e_0),1453
207,18,107,(\Delta^3h_0^2e_0),1455
208,17,107,(\Delta^3h_1e_0),1456
209,10,107,"x_{97, 10}",1462
210,29,108,"x_{79, 29}",1473
211,29,108,"x_{79, 29, 1}",1474
212,12,108,[\Delta\Delta_1g],1502
213,9,108,"x_{99, 9}",1508
214,7,108,"x_{101, 7}",1514
215,15,109,M(\Delta^2h_1),1532
216,8,109,"x_{101, 8}",1547
217,37,110,"x_{73, 37}",1552
218,18,110,(\Delta^3h_2^2d_0),1563
219,17,110,(\Delta^3h_1g),1564
220,16,110,(\Delta^3h_2c_1),1565
221,10,110,"x_{100, 10}",1576
222,7,110,"x_{103, 7}",1585
223,29,111,"x_{82, 29}",1594
224,26,111,[MP^5],1597
225,25,111,"x_{86, 25}",1599
226,15,111,"x_{96, 15}",1617
227,37,112,"x_{75, 37}",1632
228,14,112,"x_{98, 14}",1647
229,11,112,"x_{101, 11}",1657
230,7,112,"x_{105, 7}",1664
231,6,112,C_1,1665
232,19,113,(\Delta^2d_0l),1680
233,18,113,(\Delta^3h_2^2e_0),1681
234,13,113,[\Delta^2D_1+h_0h_6d_0i],1688
235,9,113,"(\Delta h_6e_0)",1694
236,36,114,"x_{78, 36}",1700
237,26,114,"x_{88, 26}",1710
238,25,114,"x_{89, 25}",1712
239,9,114,"(\Delta h_6f_0)",1733
240,7,114,"x_{107, 7}",1735
241,6,114,"x_{108, 6}",1737
242,5,114,D_{11},1739
243,12,115,"x_{103, 12}",1757
244,24,116,"x_{92, 24}",1778
245,22,116,(\Delta^2i^2),1780
246,21,116,(\Delta^3h_0^2i+P\Delta^3h_1d_0),1781
247,21,116,(\Delta^3h_0^2i),1782
248,18,116,(\Delta^3h_2^2g),1785
249,14,116,"x_{102, 14}",1790
250,12,116,"x_{104, 12}",1793
251,9,116,"(\Delta h_6g)",1800
252,36,117,"x_{81, 36}",1805
253,35,117,"x_{82, 35}",1806
254,16,117,"x_{101, 16}",1835
255,15,117,"x_{102, 15}",1836
256,39,119,"x_{80, 39}",1884
257,24,119,"x_{95, 24}",1894
258,22,119,P(\Delta^3h_0^2e_0),1897
259,21,119,P(\Delta^3h_1e_0),1898
260,18,119,"x_{101, 18}",1901
261,12,119,"x_{107, 12}",1907
262,11,119,"x_{108, 11}",1908
263,10,119,"x_{109, 10}",1910
264,7,119,"x_{112, 7}",1914
265,33,120,"x_{87, 33}",1919
266,15,120,"x_{105, 15}",1952
267,14,120,"x_{106, 14}",1954
268,13,120,"x_{107, 13}",1956
269,10,120,"x_{110, 10}",1959
270,9,120,"x_{111, 9}",1960
271,9,120,"x_{111, 9, 1}",1962
272,8,120,"x_{112, 8}",1965
273,6,120,"x_{114, 6}",1969
274,19,121,"x_{102, 19}",1983
275,12,121,"x_{109, 12}",1995
276,41,122,"x_{81, 41}",2003
277,22,122,"x_{100, 22}",2016
278,18,122,"x_{104, 18}",2022
279,14,122,"x_{108, 14}",2029
280,13,122,"x_{109, 13}",2030
281,10,122,"x_{112, 10}",2034
282,9,122,"x_{113, 9}",2035
283,33,123,"x_{90, 33}",2040
284,15,123,"x_{108, 15}",2075
285,14,123,"x_{109, 14}",2076
286,14,123,"x_{109, 14, 1}",2077
287,13,123,"x_{110, 13}",2078
288,10,123,"x_{113, 10}",2084
289,9,123,"x_{114, 9}",2086
290,41,124,"x_{83, 41}",2090
291,18,125,"x_{107, 18}",2146
292,17,125,"x_{108, 17}",2148
293,15,125,"x_{110, 15}",2152
294,13,125,"x_{112, 13}",2156
295,40,126,"x_{86, 40}",2162
296,39,126,"x_{87, 39}",2163
297,30,126,"x_{96, 30}",2172
298,29,126,"x_{97, 29}",2174
299,19,126,"x_{107, 19}",2198
300,17,126,"x_{109, 17}",2201
301,17,126,"x_{109, 17, 1}",2202
302,16,126,"x_{110, 16}",2203
303,16,126,"x_{110, 16, 1}",2204
304,15,126,"x_{111, 15}",2208
305,15,126,"x_{111, 15, 1}",2209
306,14,126,"x_{112, 14}",2212
307,13,126,"x_{113, 13}",2213
308,13,126,"x_{113, 13, 1}",2214
309,12,126,"x_{114, 12}",2216
310,11,126,"x_{115, 11}",2217
311,10,127,"x_{117, 10}",2255
312,10,127,"x_{117, 10, 1}",2256
313,9,127,"x_{118, 9}",2257
314,9,127,"x_{118, 9, 1}",2258
315,25,128,"x_{103, 25}",2271
316,18,128,"x_{110, 18}",2284
317,18,128,"x_{110, 18, 1}",2285
318,16,128,"x_{112, 16}",2292
319,13,128,"x_{115, 13}",2300
320,11,128,"x_{117, 11}",2304
321,10,128,"x_{118, 10}",2308
322,9,128,"x_{119, 9}",2310
323,7,128,"x_{121, 7}",2312
324,1,128,h_7,2315
325,40,129,"x_{89, 40}",2318
326,39,129,"x_{90, 39}",2319
327,19,129,"x_{110, 19}",2355
328,15,129,"x_{114, 15}",2362
329,13,129,"x_{116, 13}",2366
330,12,129,"x_{117, 12}",2370
331,11,129,"x_{118, 11}",2373
332,10,129,"x_{119, 10}",2376
333,9,129,"x_{120, 9}",2378
334,18,130,"x_{112, 18}",2407
335,12,130,"x_{118, 12}",2421
336,11,130,"x_{119, 11}",2424
337,10,130,"x_{120, 10}",2430
338,9,130,"x_{121, 9}",2431
339,6,130,"x_{124, 6}",2434
340,5,130,"x_{125, 5}",2435
341,4,130,"x_{126, 4}",2436
342,43,131,"x_{88, 43}",2443
343,28,131,"x_{103, 28}",2450
344,26,131,"x_{105, 26}",2452
345,25,131,"x_{106, 25}",2453
346,18,131,"x_{113, 18}",2464
347,18,131,"x_{113, 18, 1}",2465
348,16,131,"x_{115, 16}",2468
349,15,131,"x_{116, 15}",2471
350,15,131,"x_{116, 15, 1}",2472
351,11,131,"x_{120, 11}",2484
352,8,131,"x_{123, 8}",2488
353,7,131,"x_{124, 7}",2489
354,37,132,"x_{95, 37}",2501
355,18,132,"x_{114, 18}",2542
356,18,132,"x_{114, 18, 1}",2543
357,17,132,"x_{115, 17}",2545
358,17,132,"x_{115, 17, 1}",2546
359,16,132,"x_{116, 16}",2547
360,15,132,"x_{117, 15}",2551
361,14,132,"x_{118, 14}",2554
362,14,132,"x_{118, 14, 1}",2555
363,12,132,"x_{120, 12}",2563
364,12,132,"x_{120, 12, 1}",2564
365,11,132,"x_{121, 11}",2568
366,9,132,"x_{123, 9}",2569
367,8,132,"x_{124, 8}",2571
368,6,132,"x_{126, 6}",2573
369,16,133,"x_{117, 16}",2611
370,14,133,"x_{119, 14}",2616
371,11,133,"x_{122, 11}",2622
372,10,133,"x_{123, 10}",2624
373,9,133,"x_{124, 9}",2627
374,9,133,"x_{124, 9, 1}",2628
375,8,133,"x_{125, 8}",2629
376,8,133,"x_{125, 8, 1}",2630
377,6,133,"x_{127, 6}",2633
378,5,133,"x_{128, 5}",2635
379,45,134,"x_{89, 45}",2639
380,22,134,"x_{112, 22}",2656
381,19,134,"x_{115, 19}",2664
382,18,134,"x_{116, 18}",2667
383,17,134,"x_{117, 17}",2671
384,15,134,"x_{119, 15}",2676
385,14,134,"x_{120, 14}",2679
386,11,134,"x_{123, 11}",2685
387,11,134,"x_{123, 11, 1}",2687
388,10,134,"x_{124, 10}",2690
389,10,134,"x_{124, 10, 1}",2691
390,9,134,"x_{125, 9}",2695
391,9,134,"x_{125, 9, 1}",2696
392,8,134,"x_{126, 8}",2700
393,8,134,"x_{126, 8, 1}",2701
394,8,134,"x_{126, 8, 2}",2702
395,8,134,"x_{126, 8, 3}",2703
396,7,134,"x_{127, 7}",2706
397,7,134,"x_{127, 7, 1}",2707
398,6,134,"x_{128, 6}",2711
399,6,134,"x_{128, 6, 1}",2712
400,5,134,"x_{129, 5}",2715
401,37,135,"x_{98, 37}",2725
402,34,135,"x_{101, 34}",2728
403,33,135,"x_{102, 33}",2730
404,22,135,"x_{113, 22}",2755
405,18,135,"x_{117, 18}",2768
406,14,135,"x_{121, 14}",2771
407,13,135,"x_{122, 13}",2772
408,12,135,"x_{123, 12}",2775
409,11,135,"x_{124, 11}",2778
410,11,135,"x_{124, 11, 1}",2779
411,11,135,"x_{124, 11, 2}",2780
412,10,135,"x_{125, 10}",2783
413,10,135,"x_{125, 10, 1}",2785
414,9,135,"x_{126, 9}",2788
415,8,135,"x_{127, 8}",2795
416,45,136,"x_{91, 45}",2806
417,13,136,"x_{123, 13}",2842
418,13,136,"x_{123, 13, 1}",2843
419,10,136,"x_{126, 10}",2855
420,19,137,"x_{118, 19}",2900
421,17,137,"x_{120, 17}",2903
422,16,137,"x_{121, 16}",2907
423,15,137,"x_{122, 15}",2909
424,15,137,"x_{122, 15, 1}",2910
425,12,137,"x_{125, 12}",2918
426,12,137,"x_{125, 12, 1}",2919
427,11,137,"x_{126, 11}",2924
428,10,137,"x_{127, 10}",2929
429,8,137,"x_{129, 8}",2938
430,7,137,"x_{130, 7}",2940
431,44,138,"x_{94, 44}",2945
432,34,138,"x_{104, 34}",2955
433,33,138,"x_{105, 33}",2957
434,22,138,"x_{116, 22}",2982
435,21,138,"x_{117, 21}",2983
436,17,138,"x_{121, 17}",2994
437,16,138,"x_{122, 16}",2998
438,15,138,"x_{123, 15}",3000
439,14,138,"x_{124, 14}",3005
440,14,138,"x_{124, 14, 1}",3006
441,10,138,"x_{128, 10}",3022
442,10,138,"x_{128, 10, 1}",3024
443,9,138,"x_{129, 9}",3026
444,9,138,"x_{129, 9, 1}",3027
445,8,138,"x_{130, 8}",3031
446,6,138,"x_{132, 6}",3036
447,20,139,"x_{119, 20}",3060
448,15,139,"x_{124, 15}",3076
449,14,139,"x_{125, 14}",3079
450,10,139,"x_{129, 10}",3091
451,8,139,"x_{131, 8}",3098
452,32,140,"x_{108, 32}",3118
453,29,140,"x_{111, 29}",3120
454,21,140,"x_{119, 21}",3132
455,20,140,"x_{120, 20}",3134
456,15,140,"x_{125, 15}",3151
457,14,140,"x_{126, 14}",3157
458,13,140,"x_{127, 13}",3161
459,12,140,"x_{128, 12}",3165
460,12,140,"x_{128, 12, 1}",3168
461,11,140,"x_{129, 11}",3169
462,11,140,"x_{129, 11, 1}",3171
463,10,140,"x_{130, 10}",3175
464,9,140,"x_{131, 9}",3183
465,8,140,"x_{132, 8}",3185
466,8,140,"x_{132, 8, 1}",3186
467,7,140,"x_{133, 7}",3191
468,6,140,"x_{134, 6}",3193
469,44,141,"x_{97, 44}",3198
470,43,141,"x_{98, 43}",3199
471,22,141,"x_{119, 22}",3236
472,17,141,"x_{124, 17}",3249
473,16,141,"x_{125, 16}",3253
474,13,141,"x_{128, 13}",3262
475,13,141,"x_{128, 13, 1}",3263
476,12,141,"x_{129, 12}",3266
477,11,141,"x_{130, 11}",3269
478,10,141,"x_{131, 10}",3271
479,9,141,"x_{132, 9}",3276
480,8,141,"x_{133, 8}",3280
481,15,142,"x_{127, 15}",3324
482,14,142,"x_{128, 14}",3329
483,13,142,"x_{129, 13}",3334
484,12,142,"x_{130, 12}",3335
485,11,142,"x_{131, 11}",3338
486,11,142,"x_{131, 11, 1}",3339
487,47,143,"x_{96, 47}",3363
488,32,143,"x_{111, 32}",3372
489,30,143,"x_{113, 30}",3374
490,29,143,"x_{114, 29}",3375
491,26,143,"x_{117, 26}",3378
492,20,143,"x_{123, 20}",3388
493,17,143,"x_{126, 17}",3393
494,16,143,"x_{127, 16}",3398
495,15,143,"x_{128, 15}",3404
496,13,143,"x_{130, 13}",3414
497,12,143,"x_{131, 12}",3420
498,41,144,"x_{103, 41}",3442
499,22,144,"x_{122, 22}",3482
500,18,144,"x_{126, 18}",3491
501,18,144,"x_{126, 18, 1}",3492
502,13,144,"x_{131, 13}",3509
503,11,144,"x_{133, 11}",3519
504,9,144,"x_{135, 9}",3522
505,6,144,"x_{138, 6}",3529
506,5,144,"x_{139, 5}",3531
507,5,144,"x_{139, 5, 1}",3532
508,4,144,"x_{140, 4}",3533
509,27,145,"x_{118, 27}",3548
510,20,145,"x_{125, 20}",3556
511,12,145,"x_{133, 12}",3581
512,10,145,"x_{135, 10}",3588
513,9,145,"x_{136, 9}",3591
514,9,145,"x_{136, 9, 1}",3592
515,49,146,"x_{97, 49}",3602
516,26,146,"x_{120, 26}",3619
517,22,146,"x_{124, 22}",3627
518,21,146,"x_{125, 21}",3630
519,18,146,"x_{128, 18}",3639
520,11,146,"x_{135, 11}",3668
521,10,146,"x_{136, 10}",3674
522,10,146,"x_{136, 10, 1}",3676
523,9,146,"x_{137, 9}",3679
524,8,146,"x_{138, 8}",3681
525,7,146,"x_{139, 7}",3684
526,5,146,"x_{141, 5}",3693
527,4,146,"x_{142, 4}",3695
528,41,147,"x_{106, 41}",3702
529,26,147,"x_{121, 26}",3733
530,21,147,"x_{126, 21}",3748
531,14,147,"x_{133, 14}",3765
532,13,147,"x_{134, 13}",3768
533,13,147,"x_{134, 13, 1}",3769
534,12,147,"x_{135, 12}",3775
535,9,147,"x_{138, 9}",3782
536,49,148,"x_{99, 49}",3796
537,21,148,"x_{127, 21}",3816
538,20,148,"x_{128, 20}",3820
539,18,148,"x_{130, 18}",3825
540,13,148,"x_{135, 13}",3834
541,12,148,"x_{136, 12}",3840
542,12,148,"x_{136, 12, 1}",3841
543,11,148,"x_{137, 11}",3843
544,10,148,"x_{138, 10}",3847
545,9,148,"x_{139, 9}",3854
546,8,148,"x_{140, 8}",3856
547,8,148,"x_{140, 8, 1}",3858
548,4,148,"x_{144, 4}",3869
549,23,149,"x_{126, 23}",3897
550,21,149,"x_{128, 21}",3903
551,20,149,"x_{129, 20}",3904
552,16,149,"x_{133, 16}",3913
553,48,150,"x_{102, 48}",3951
554,47,150,"x_{103, 47}",3952
555,38,150,"x_{112, 38}",3959
556,37,150,"x_{113, 37}",3961
557,26,150,"x_{124, 26}",3990
558,25,150,"x_{125, 25}",3993
559,25,150,"x_{125, 25, 1}",3994
560,18,150,"x_{132, 18}",4015
561,17,150,"x_{133, 17}",4016
562,11,150,"x_{139, 11}",4037
563,10,150,"x_{140, 10}",4039
564,10,150,"x_{140, 10, 1}",4041
565,9,150,"x_{141, 9}",4047
566,8,150,"x_{142, 8}",4055
567,8,150,"x_{142, 8, 1}",4056
568,17,151,"x_{134, 17}",4105
569,12,151,"x_{139, 12}",4117
570,11,151,"x_{140, 11}",4121
571,10,151,"x_{141, 10}",4125
572,33,152,"x_{119, 33}",4152
573,24,152,"x_{128, 24}",4172
574,23,152,"x_{129, 23}",4174
575,12,152,"x_{140, 12}",4207
576,9,152,"x_{143, 9}",4220
577,8,152,"x_{144, 8}",4224
578,48,153,"x_{105, 48}",4233
579,47,153,"x_{106, 47}",4234
580,25,153,"x_{128, 25}",4277
581,18,153,"x_{135, 18}",4292
582,17,153,"x_{136, 17}",4293
583,11,153,"x_{142, 11}",4309
584,7,153,"x_{146, 7}",4319
585,22,154,"x_{132, 22}",4346
586,21,154,"x_{133, 21}",4349
587,20,154,"x_{134, 20}",4351
588,17,154,"x_{137, 17}",4357
589,13,154,"x_{141, 13}",4365
590,12,154,"x_{142, 12}",4368
591,11,154,"x_{143, 11}",4371
592,7,154,"x_{147, 7}",4387
593,6,154,"x_{148, 6}",4392
594,51,155,"x_{104, 51}",4398
595,36,155,"x_{119, 36}",4403
596,34,155,"x_{121, 34}",4405
597,33,155,"x_{122, 33}",4406
598,25,155,"x_{130, 25}",4424
599,24,155,"x_{131, 24}",4426
600,23,155,"x_{132, 23}",4427
601,23,155,"x_{132, 23, 1}",4428
602,23,155,"x_{132, 23, 2}",4429
603,20,155,"x_{135, 20}",4438
604,16,155,"x_{139, 16}",4448
605,6,155,"x_{149, 6}",4468
606,45,156,"x_{111, 45}",4475
607,45,156,"x_{111, 45, 1}",4476
608,20,156,"x_{136, 20}",4541
609,19,156,"x_{137, 19}",4547
610,18,156,"x_{138, 18}",4548
611,18,156,"x_{138, 18, 1}",4549
612,17,156,"x_{139, 17}",4552
613,16,156,"x_{140, 16}",4555
614,15,156,"x_{141, 15}",4557
615,11,156,"x_{145, 11}",4571
616,11,156,"x_{145, 11, 1}",4572
617,7,156,"x_{149, 7}",4584
618,16,157,"x_{141, 16}",4630
619,15,157,"x_{142, 15}",4634
620,14,157,"x_{143, 14}",4637
621,13,157,"x_{144, 13}",4642
622,53,158,"x_{105, 53}",4659
623,30,158,"x_{128, 30}",4676
624,25,158,"x_{133, 25}",4692
625,23,158,"x_{135, 23}",4697
626,22,158,"x_{136, 22}",4701
627,20,158,"x_{138, 20}",4706
628,18,158,"x_{140, 18}",4712
629,16,158,"x_{142, 16}",4716
630,15,158,"x_{143, 15}",4718
631,11,158,"x_{147, 11}",4730
632,10,158,"x_{148, 10}",4731
633,9,158,"x_{149, 9}",4733
634,45,159,"x_{114, 45}",4745
635,42,159,"x_{117, 42}",4748
636,41,159,"x_{118, 41}",4750
637,30,159,"x_{129, 30}",4776
638,19,159,"x_{140, 19}",4810
639,18,159,"x_{141, 18}",4812
640,18,159,"x_{141, 18, 1}",4813
641,53,160,"x_{107, 53}",4840
642,24,160,"x_{136, 24}",4864
643,22,160,"x_{138, 22}",4868
644,21,160,"x_{139, 21}",4871
645,21,160,"x_{139, 21, 1}",4872
646,20,160,"x_{140, 20}",4873
647,18,160,"x_{142, 18}",4879
648,16,160,"x_{144, 16}",4888
649,16,160,"x_{144, 16, 1}",4889
650,15,160,"x_{145, 15}",4891
651,14,160,"x_{146, 14}",4894
652,12,160,"x_{148, 12}",4897
653,27,161,"x_{134, 27}",4947
654,24,161,"x_{137, 24}",4957
655,20,161,"x_{141, 20}",4968
656,18,161,"x_{143, 18}",4977
657,13,161,"x_{148, 13}",4986
658,10,161,"x_{151, 10}",4995
659,9,161,"x_{152, 9}",4997
660,5,161,"x_{156, 5}",5004
661,52,162,"x_{110, 52}",5009
662,42,162,"x_{120, 42}",5019
663,41,162,"x_{121, 41}",5021
664,30,162,"x_{132, 30}",5046
665,29,162,"x_{133, 29}",5047
666,21,162,"x_{141, 21}",5080
667,20,162,"x_{142, 20}",5083
668,19,162,"x_{143, 19}",5087
669,15,162,"x_{147, 15}",5097
670,15,162,"x_{147, 15, 1}",5098
671,14,162,"x_{148, 14}",5100
672,14,162,"x_{148, 14, 1}",5101
673,12,162,"x_{150, 12}",5106
674,11,162,"x_{151, 11}",5111
675,11,162,"x_{151, 11, 1}",5112
676,8,162,"x_{154, 8}",5122
677,16,163,"x_{147, 16}",5169
678,15,163,"x_{148, 15}",5173
679,15,163,"x_{148, 15, 1}",5175
680,14,163,"x_{149, 14}",5178
681,13,163,"x_{150, 13}",5183
682,13,163,"x_{150, 13, 1}",5184
683,13,163,"x_{150, 13, 2}",5186
684,8,163,"x_{155, 8}",5200
685,40,164,"x_{124, 40}",5216
686,38,164,"x_{126, 38}",5218
687,37,164,"x_{127, 37}",5219
688,28,164,"x_{136, 28}",5234
689,27,164,"x_{137, 27}",5237
690,20,164,"x_{144, 20}",5259
691,17,164,"x_{147, 17}",5266
692,17,164,"x_{147, 17, 1}",5267
693,17,164,"x_{147, 17, 2}",5268
694,15,164,"x_{149, 15}",5275
695,8,164,"x_{156, 8}",5293
696,8,164,"x_{156, 8, 1}",5294
697,8,164,"x_{156, 8, 2}",5295
698,7,164,"x_{157, 7}",5298
699,6,164,"x_{158, 6}",5302
700,52,165,"x_{113, 52}",5310
701,51,165,"x_{114, 51}",5311
702,21,165,"x_{144, 21}",5380
703,20,165,"x_{145, 20}",5383
704,20,165,"x_{145, 20, 1}",5384
705,19,165,"x_{146, 19}",5385
706,19,165,"x_{146, 19, 1}",5387
707,16,165,"x_{149, 16}",5396
708,15,165,"x_{150, 15}",5400
709,14,165,"x_{151, 14}",5402
710,14,165,"x_{151, 14, 1}",5403
711,12,165,"x_{153, 12}",5407
712,11,165,"x_{154, 11}",5408
713,11,165,"x_{154, 11, 1}",5409
714,10,165,"x_{155, 10}",5412
715,25,166,"x_{141, 25}",5459
716,24,166,"x_{142, 24}",5460
717,20,166,"x_{146, 20}",5473
718,14,166,"x_{152, 14}",5500
719,11,166,"x_{155, 11}",5507
720,8,166,"x_{158, 8}",5519
721,55,167,"x_{112, 55}",5532
722,40,167,"x_{127, 40}",5542
723,38,167,"x_{129, 38}",5545
724,37,167,"x_{130, 37}",5546
725,34,167,"x_{133, 34}",5549
726,28,167,"x_{139, 28}",5560
727,24,167,"x_{143, 24}",5569
728,20,167,"x_{147, 20}",5584
729,18,167,"x_{149, 18}",5591
730,13,167,"x_{154, 13}",5598
731,13,167,"x_{154, 13, 1}",5599
732,12,167,"x_{155, 12}",5602
733,12,167,"x_{155, 12, 1}",5606
734,11,167,"x_{156, 11}",5608
735,11,167,"x_{156, 11, 1}",5609
736,49,168,"x_{119, 49}",5628
737,22,168,"x_{146, 22}",5693
738,20,168,"x_{148, 20}",5705
739,20,168,"x_{148, 20, 1}",5707
740,15,168,"x_{153, 15}",5721
741,15,168,"x_{153, 15, 1}",5723
742,14,168,"x_{154, 14}",5726
743,11,168,"x_{157, 11}",5739
744,11,168,"x_{157, 11, 1}",5741
745,11,168,"x_{157, 11, 2}",5742
746,10,168,"x_{158, 10}",5745
747,7,168,"x_{161, 7}",5757
748,7,168,"x_{161, 7, 1}",5758
749,6,168,"x_{162, 6}",5761
750,5,168,"x_{163, 5}",5763
751,4,168,"x_{164, 4}",5764
752,35,169,"x_{134, 35}",5781
753,26,169,"x_{143, 26}",5788
754,21,169,"x_{148, 21}",5803
755,11,169,"x_{158, 11}",5835
756,10,169,"x_{159, 10}",5843
757,10,169,"x_{159, 10, 1}",5844
758,57,170,"x_{113, 57}",5857
759,34,170,"x_{136, 34}",5876
760,19,170,"x_{151, 19}",5915
761,18,170,"x_{152, 18}",5916
762,17,170,"x_{153, 17}",5917
763,16,170,"x_{154, 16}",5919
764,15,170,"x_{155, 15}",5923
765,15,170,"x_{155, 15, 1}",5924
766,14,170,"x_{156, 14}",5927
767,14,170,"x_{156, 14, 1}",5928
768,13,170,"x_{157, 13}",5930
769,12,170,"x_{158, 12}",5935
770,11,170,"x_{159, 11}",5941
771,10,170,"x_{160, 10}",5945
772,10,170,"x_{160, 10, 1}",5946
773,10,170,"x_{160, 10, 2}",5947
774,9,170,"x_{161, 9}",5949
775,9,170,"x_{161, 9, 1}",5950
776,8,170,"x_{162, 8}",5954
777,49,171,"x_{122, 49}",5974
778,34,171,"x_{137, 34}",6007
779,23,171,"x_{148, 23}",6040
780,19,171,"x_{152, 19}",6050
781,16,171,"x_{155, 16}",6063
782,9,171,"x_{162, 9}",6095
783,57,172,"x_{115, 57}",6106
784,26,172,"x_{146, 26}",6124
785,22,172,"x_{150, 22}",6132
786,18,172,"x_{154, 18}",6148
787,13,172,"x_{159, 13}",6163
788,12,172,"x_{160, 12}",6164
789,11,172,"x_{161, 11}",6166
790,11,172,"x_{161, 11, 1}",6167
791,10,172,"x_{162, 10}",6171
792,10,172,"x_{162, 10, 1}",6172
793,10,172,"x_{162, 10, 2}",6173
794,8,172,"x_{164, 8}",6180
795,31,173,"x_{142, 31}",6220
796,31,173,"x_{142, 31, 1}",6221
797,24,173,"x_{149, 24}",6238
798,19,173,"x_{154, 19}",6252
799,15,173,"x_{158, 15}",6260
800,14,173,"x_{159, 14}",6262
801,13,173,"x_{160, 13}",6267
802,9,173,"x_{164, 9}",6282
803,56,174,"x_{118, 56}",6291
804,55,174,"x_{119, 55}",6292
805,46,174,"x_{128, 46}",6301
806,45,174,"x_{129, 45}",6303
807,33,174,"x_{141, 33}",6334
808,33,174,"x_{141, 33, 1}",6335
809,33,174,"x_{141, 33, 2}",6338
810,25,174,"x_{149, 25}",6362
811,24,174,"x_{150, 24}",6366
812,24,174,"x_{150, 24, 1}",6368
813,23,174,"x_{151, 23}",6373
814,14,174,"x_{160, 14}",6407
815,13,174,"x_{161, 13}",6411
816,12,174,"x_{162, 12}",6417
817,12,174,"x_{162, 12, 1}",6419
818,10,174,"x_{164, 10}",6427
819,8,174,"x_{166, 8}",6434
820,28,175,"x_{147, 28}",6468
821,27,175,"x_{148, 27}",6469
822,19,175,"x_{156, 19}",6486
823,18,175,"x_{157, 18}",6488
824,15,175,"x_{160, 15}",6499
825,15,175,"x_{160, 15, 1}",6500
826,12,175,"x_{163, 12}",6518
827,11,175,"x_{164, 11}",6521
828,10,175,"x_{165, 10}",6525
829,41,176,"x_{135, 41}",6540
830,32,176,"x_{144, 32}",6560
831,31,176,"x_{145, 31}",6562
832,23,176,"x_{153, 23}",6585
833,21,176,"x_{155, 21}",6590
834,21,176,"x_{155, 21, 1}",6591
835,18,176,"x_{158, 18}",6596
836,18,176,"x_{158, 18, 1}",6597
837,18,176,"x_{158, 18, 2}",6599
838,17,176,"x_{159, 17}",6600
839,17,176,"x_{159, 17, 1}",6601
840,16,176,"x_{160, 16}",6604
841,15,176,"x_{161, 15}",6609
842,14,176,"x_{162, 14}",6613
843,14,176,"x_{162, 14, 1}",6614
844,14,176,"x_{162, 14, 2}",6615
845,13,176,"x_{163, 13}",6620
846,10,176,"x_{166, 10}",6631
847,9,176,"x_{167, 9}",6633
848,8,176,"x_{168, 8}",6636
849,4,176,"x_{172, 4}",6644
850,3,176,c_4,6646
851,56,177,"x_{121, 56}",6649
852,55,177,"x_{122, 55}",6650
853,25,177,"x_{152, 25}",6715
854,24,177,"x_{153, 24}",6720
855,24,177,"x_{153, 24, 1}",6721
856,23,177,"x_{154, 23}",6723
857,20,177,"x_{157, 20}",6729
858,13,177,"x_{164, 13}",6757
859,13,177,"x_{164, 13, 1}",6760
860,12,177,"x_{165, 12}",6762
861,12,177,"x_{165, 12, 1}",6763
862,29,178,"x_{149, 29}",6807
863,29,178,"x_{149, 29, 1}",6808
864,27,178,"x_{151, 27}",6810
865,18,178,"x_{160, 18}",6833
866,17,178,"x_{161, 17}",6837
867,14,178,"x_{164, 14}",6850
868,14,178,"x_{164, 14, 1}",6851
869,12,178,"x_{166, 12}",6863
870,59,179,"x_{120, 59}",6890
871,44,179,"x_{135, 44}",6897
872,42,179,"x_{137, 42}",6899
873,41,179,"x_{138, 41}",6900
874,23,179,"x_{156, 23}",6947
875,23,179,"x_{156, 23, 1}",6948
876,22,179,"x_{157, 22}",6950
877,21,179,"x_{158, 21}",6956
878,21,179,"x_{158, 21, 1}",6959
879,19,179,"x_{160, 19}",6966
880,18,179,"x_{161, 18}",6969
881,17,179,"x_{162, 17}",6971
882,14,179,"x_{165, 14}",6981
883,12,179,"x_{167, 12}",6992
884,11,179,"x_{168, 11}",6993
885,8,179,"x_{171, 8}",7000
886,53,180,"x_{127, 53}",7009
887,23,180,"x_{157, 23}",7093
888,8,180,"x_{172, 8}",7146
889,30,181,"x_{151, 30}",7186
890,29,181,"x_{152, 29}",7187
891,17,181,"x_{164, 17}",7214
892,15,181,"x_{166, 15}",7219
893,11,181,"x_{170, 11}",7232
894,7,181,"x_{174, 7}",7239
895,61,182,"x_{121, 61}",7245
896,38,182,"x_{144, 38}",7262
897,27,182,"x_{155, 27}",7298
898,25,182,"x_{157, 25}",7301
899,24,182,"x_{158, 24}",7304
900,24,182,"x_{158, 24, 1}",7305
901,23,182,"x_{159, 23}",7309
902,23,182,"x_{159, 23, 1}",7310
903,23,182,"x_{159, 23, 2}",7311
904,21,182,"x_{161, 21}",7315
905,19,182,"x_{163, 19}",7320
906,17,182,"x_{165, 17}",7323
907,17,182,"x_{165, 17, 1}",7325
908,17,182,"x_{165, 17, 2}",7326
909,16,182,"x_{166, 16}",7327
910,15,182,"x_{167, 15}",7329
911,14,182,"x_{168, 14}",7331
912,12,182,"x_{170, 12}",7339
913,7,182,"x_{175, 7}",7361
914,6,182,"x_{176, 6}",7364
915,53,183,"x_{130, 53}",7374
916,50,183,"x_{133, 50}",7377
917,49,183,"x_{134, 49}",7379
918,38,183,"x_{145, 38}",7405
919,27,183,"x_{156, 27}",7445
920,27,183,"x_{156, 27, 1}",7446
921,27,183,"x_{156, 27, 2}",7447
922,23,183,"x_{160, 23}",7464
923,17,183,"x_{166, 17}",7475
924,13,183,"x_{170, 13}",7487
925,10,183,"x_{173, 10}",7499
926,61,184,"x_{123, 61}",7511
927,31,184,"x_{153, 31}",7536
928,30,184,"x_{154, 30}",7537
929,23,184,"x_{161, 23}",7561
930,21,184,"x_{163, 21}",7565
931,19,184,"x_{165, 19}",7571
932,17,184,"x_{167, 17}",7579
933,15,184,"x_{169, 15}",7585
934,14,184,"x_{170, 14}",7590
935,13,184,"x_{171, 13}",7593
936,13,184,"x_{171, 13, 1}",7594
937,12,184,"x_{172, 12}",7595
938,11,184,"x_{173, 11}",7597
939,35,185,"x_{150, 35}",7635
940,27,185,"x_{158, 27}",7667
941,23,185,"x_{162, 23}",7676
942,21,185,"x_{164, 21}",7685
943,20,185,"x_{165, 20}",7689
944,20,185,"x_{165, 20, 1}",7690
945,19,185,"x_{166, 19}",7692
946,18,185,"x_{167, 18}",7695
947,17,185,"x_{168, 17}",7699
948,16,185,"x_{169, 16}",7701
949,14,185,"x_{171, 14}",7706
950,13,185,"x_{172, 13}",7710
951,60,186,"x_{126, 60}",7728
952,50,186,"x_{136, 50}",7738
953,49,186,"x_{137, 49}",7740
954,38,186,"x_{148, 38}",7765
955,37,186,"x_{149, 37}",7766
956,28,186,"x_{158, 28}",7806
957,27,186,"x_{159, 27}",7809
958,26,186,"x_{160, 26}",7811
959,20,186,"x_{166, 20}",7836
960,19,186,"x_{167, 19}",7839
961,11,186,"x_{175, 11}",7858
962,31,187,"x_{156, 31}",7896
963,26,187,"x_{161, 26}",7905
964,19,187,"x_{168, 19}",7925
965,16,187,"x_{171, 16}",7931
966,16,187,"x_{171, 16, 1}",7933
967,15,187,"x_{172, 15}",7934
968,11,187,"x_{176, 11}",7941
969,48,188,"x_{140, 48}",7956
970,45,188,"x_{143, 45}",7958
971,36,188,"x_{152, 36}",7972
972,35,188,"x_{153, 35}",7975
973,26,188,"x_{162, 26}",8010
974,26,188,"x_{162, 26, 1}",8011
975,25,188,"x_{163, 25}",8013
976,25,188,"x_{163, 25, 1}",8015
977,25,188,"x_{163, 25, 2}",8016
978,24,188,"x_{164, 24}",8018
979,23,188,"x_{165, 23}",8023
980,22,188,"x_{166, 22}",8027
981,21,188,"x_{167, 21}",8033
982,20,188,"x_{168, 20}",8035
983,20,188,"x_{168, 20, 1}",8036
984,19,188,"x_{169, 19}",8039
985,18,188,"x_{170, 18}",8040
986,18,188,"x_{170, 18, 1}",8041
987,16,188,"x_{172, 16}",8046
988,15,188,"x_{173, 15}",8048
989,15,188,"x_{173, 15, 1}",8049
990,14,188,"x_{174, 14}",8051
991,14,188,"x_{174, 14, 1}",8052
992,13,188,"x_{175, 13}",8056
993,11,188,"x_{177, 11}",8066
994,7,188,"x_{181, 7}",8075
995,60,189,"x_{129, 60}",8078
996,59,189,"x_{130, 59}",8079
997,28,189,"x_{161, 28}",8158
998,24,189,"x_{165, 24}",8177
999,22,189,"x_{167, 22}",8184
1000,19,189,"x_{170, 19}",8193
1001,18,189,"x_{171, 18}",8194
1002,17,189,"x_{172, 17}",8197
1003,17,189,"x_{172, 17, 1}",8198
1004,16,189,"x_{173, 16}",8201
1005,15,189,"x_{174, 15}",8204
1006,14,189,"x_{175, 14}",8207
1007,14,189,"x_{175, 14, 1}",8208
1008,13,189,"x_{176, 13}",8209
1009,33,190,"x_{157, 33}",8245
1010,27,190,"x_{163, 27}",8261
1011,19,190,"x_{171, 19}",8281
1012,19,190,"x_{171, 19, 1}",8284
1013,18,190,"x_{172, 18}",8288
1014,18,190,"x_{172, 18, 1}",8289
1015,17,190,"x_{173, 17}",8293
1016,17,190,"x_{173, 17, 1}",8294
1017,16,190,"x_{174, 16}",8297
1018,16,190,"x_{174, 16, 1}",8298
1019,16,190,"x_{174, 16, 2}",8299
1020,15,190,"x_{175, 15}",8305
1021,15,190,"x_{175, 15, 1}",8306
1022,15,190,"x_{175, 15, 2}",8309
1023,14,190,"x_{176, 14}",8312
1024,14,190,"x_{176, 14, 1}",8313
1025,13,190,"x_{177, 13}",8317
1026,12,190,"x_{178, 12}",8320
1027,11,190,"x_{179, 11}",8321
1028,10,190,"x_{180, 10}",8323
1029,63,191,"x_{128, 63}",8329
1030,48,191,"x_{143, 48}",8338
1031,46,191,"x_{145, 46}",8340
1032,45,191,"x_{146, 45}",8341
1033,42,191,"x_{149, 42}",8344
1034,36,191,"x_{155, 36}",8355
1035,26,191,"x_{165, 26}",8393
1036,22,191,"x_{169, 22}",8405
1037,21,191,"x_{170, 21}",8406
1038,20,191,"x_{171, 20}",8408
1039,19,191,"x_{172, 19}",8411
1040,19,191,"x_{172, 19, 1}",8412
1041,19,191,"x_{172, 19, 2}",8413
1042,18,191,"x_{173, 18}",8416
1043,18,191,"x_{173, 18, 1}",8417
1044,18,191,"x_{173, 18, 2}",8419
1045,17,191,"x_{174, 17}",8422
1046,16,191,"x_{175, 16}",8431
1047,14,191,"x_{177, 14}",8438
1048,57,192,"x_{135, 57}",8450
1049,23,192,"x_{169, 23}",8551
1050,21,192,"x_{171, 21}",8557
1051,21,192,"x_{171, 21, 1}",8558
1052,19,192,"x_{173, 19}",8565
1053,18,192,"x_{174, 18}",8570
1054,16,192,"x_{176, 16}",8578
1055,14,192,"x_{178, 14}",8586
1056,14,192,"x_{178, 14, 1}",8587
1057,13,192,"x_{179, 13}",8588
1058,4,192,"x_{188, 4}",8600
1059,43,193,"x_{150, 43}",8614
1060,34,193,"x_{159, 34}",8623
1061,33,193,"x_{160, 33}",8625
1062,23,193,"x_{170, 23}",8644
1063,23,193,"x_{170, 23, 1}",8645
1064,20,193,"x_{173, 20}",8654
1065,20,193,"x_{173, 20, 1}",8656
1066,19,193,"x_{174, 19}",8661
1067,18,193,"x_{175, 18}",8666
1068,18,193,"x_{175, 18, 1}",8667
1069,16,193,"x_{177, 16}",8675
1070,16,193,"x_{177, 16, 1}",8676
1071,15,193,"x_{178, 15}",8678
1072,15,193,"x_{178, 15, 1}",8680
1073,14,193,"x_{179, 14}",8683
1074,12,193,"x_{181, 12}",8687
1075,65,194,"x_{129, 65}",8702
1076,42,194,"x_{152, 42}",8719
1077,29,194,"x_{165, 29}",8759
1078,26,194,"x_{168, 26}",8773
1079,25,194,"x_{169, 25}",8774
1080,25,194,"x_{169, 25, 1}",8776
1081,24,194,"x_{170, 24}",8781
1082,23,194,"x_{171, 23}",8785
1083,22,194,"x_{172, 22}",8792
1084,22,194,"x_{172, 22, 1}",8793
1085,18,194,"x_{176, 18}",8809
1086,18,194,"x_{176, 18, 1}",8811
1087,16,194,"x_{178, 16}",8816
1088,15,194,"x_{179, 15}",8821
1089,14,194,"x_{180, 14}",8827
1090,14,194,"x_{180, 14, 1}",8828
1091,13,194,"x_{181, 13}",8831
1092,57,195,"x_{138, 57}",8852
1093,42,195,"x_{153, 42}",8883
1094,31,195,"x_{164, 31}",8922
1095,28,195,"x_{167, 28}",8932
1096,18,195,"x_{177, 18}",8970
1097,17,195,"x_{178, 17}",8973
1098,14,195,"x_{181, 14}",8984
1099,13,195,"x_{182, 13}",8988
1100,13,195,"x_{182, 13, 1}",8989
1101,65,196,"x_{131, 65}",9006
1102,34,196,"x_{162, 34}",9024
1103,29,196,"x_{167, 29}",9035
1104,24,196,"x_{172, 24}",9050
1105,23,196,"x_{173, 23}",9056
1106,21,196,"x_{175, 21}",9068
1107,20,196,"x_{176, 20}",9072
1108,20,196,"x_{176, 20, 1}",9074
1109,19,196,"x_{177, 19}",9077
1110,18,196,"x_{178, 18}",9081
1111,17,196,"x_{179, 17}",9088
1112,16,196,"x_{180, 16}",9094
1113,16,196,"x_{180, 16, 1}",9095
1114,14,196,"x_{182, 14}",9108
1115,14,196,"x_{182, 14, 1}",9110
1116,13,196,"x_{183, 13}",9111
1117,13,196,"x_{183, 13, 1}",9112
1118,12,196,"x_{184, 12}",9114
1119,12,196,"x_{184, 12, 1}",9115
1120,11,196,"x_{185, 11}",9117
1121,39,197,"x_{158, 39}",9153
1122,25,197,"x_{172, 25}",9205
1123,24,197,"x_{173, 24}",9211
1124,21,197,"x_{176, 21}",9221
1125,20,197,"x_{177, 20}",9225
1126,19,197,"x_{178, 19}",9228
1127,18,197,"x_{179, 18}",9233
1128,17,197,"x_{180, 17}",9238
1129,16,197,"x_{181, 16}",9242
1130,15,197,"x_{182, 15}",9248
1131,15,197,"x_{182, 15, 1}",9249
1132,14,197,"x_{183, 14}",9255
1133,14,197,"x_{183, 14, 1}",9256
1134,14,197,"x_{183, 14, 2}",9257
1135,13,197,"x_{184, 13}",9261
1136,12,197,"x_{185, 12}",9264
1137,11,197,"x_{186, 11}",9266
1138,11,197,"x_{186, 11, 1}",9267
1139,64,198,"x_{134, 64}",9283
1140,63,198,"x_{135, 63}",9284
1141,54,198,"x_{144, 54}",9291
1142,53,198,"x_{145, 53}",9293
1143,41,198,"x_{157, 41}",9324
1144,41,198,"x_{157, 41, 1}",9325
1145,31,198,"x_{167, 31}",9365
1146,23,198,"x_{175, 23}",9401
1147,22,198,"x_{176, 22}",9404
1148,21,198,"x_{177, 21}",9407
1149,21,198,"x_{177, 21, 1}",9408
1150,20,198,"x_{178, 20}",9411
1151,20,198,"x_{178, 20, 1}",9412
1152,19,198,"x_{179, 19}",9415
1153,19,198,"x_{179, 19, 1}",9416
1154,18,198,"x_{180, 18}",9418
1155,18,198,"x_{180, 18, 1}",9419
1156,17,198,"x_{181, 17}",9423
1157,16,198,"x_{182, 16}",9429
1158,15,198,"x_{183, 15}",9436
1159,14,198,"x_{184, 14}",9440
1160,13,198,"x_{185, 13}",9443
1161,12,198,"x_{186, 12}",9447
1162,11,198,"x_{187, 11}",9450
1163,11,198,"x_{187, 11, 1}",9451
1164,10,198,"x_{188, 10}",9453
1165,9,198,"x_{189, 9}",9456
1166,8,198,"x_{190, 8}",9460
1167,35,199,"x_{164, 35}",9493
1168,25,199,"x_{174, 25}",9513
1169,25,199,"x_{174, 25, 1}",9514
1170,24,199,"x_{175, 24}",9516
1171,23,199,"x_{176, 23}",9521
1172,21,199,"x_{178, 21}",9534
1173,20,199,"x_{179, 20}",9540
1174,19,199,"x_{180, 19}",9546
1175,18,199,"x_{181, 18}",9555
1176,17,199,"x_{182, 17}",9561
1177,16,199,"x_{183, 16}",9565
1178,11,199,"x_{188, 11}",9580
1179,49,200,"x_{151, 49}",9600
1180,40,200,"x_{160, 40}",9618
1181,39,200,"x_{161, 39}",9620
1182,26,200,"x_{174, 26}",9670
1183,19,200,"x_{181, 19}",9704
1184,17,200,"x_{183, 17}",9710
1185,17,200,"x_{183, 17, 1}",9711
1186,16,200,"x_{184, 16}",9713
1187,15,200,"x_{185, 15}",9717
1188,15,200,"x_{185, 15, 1}",9718
1189,15,200,"x_{185, 15, 2}",9721
1190,14,200,"x_{186, 14}",9725
1191,14,200,"x_{186, 14, 1}",9727
1192,14,200,"x_{186, 14, 2}",9728
1193,13,200,"x_{187, 13}",9733
1194,13,200,"x_{187, 13, 1}",9734
1195,13,200,"x_{187, 13, 2}",9735
1196,12,200,"x_{188, 12}",9741
1197,11,200,"x_{189, 11}",9749
1198,11,200,"x_{189, 11, 1}",9750
1199,11,200,"x_{189, 11, 2}",9751
1200,10,200,"x_{190, 10}",9755
1201,9,200,"x_{191, 9}",9759
1202,64,201,"x_{137, 64}",9773
1203,63,201,"x_{138, 63}",9774
1204,28,201,"x_{173, 28}",9859
1205,22,201,"x_{179, 22}",9885
1206,18,201,"x_{183, 18}",9900
1207,18,201,"x_{183, 18, 1}",9901
1208,17,201,"x_{184, 17}",9903
1209,17,201,"x_{184, 17, 1}",9904
1210,15,201,"x_{186, 15}",9909
1211,13,201,"x_{188, 13}",9920
1212,13,201,"x_{188, 13, 1}",9922
1213,13,201,"x_{188, 13, 2}",9923
1214,13,201,"x_{188, 13, 3}",9924
1215,12,201,"x_{189, 12}",9928
1216,10,201,"x_{191, 10}",9933
1217,9,201,"x_{192, 9}",9935
1218,37,202,"x_{165, 37}",9965
1219,37,202,"x_{165, 37, 1}",9966
1220,30,202,"x_{172, 30}",9978
1221,25,202,"x_{177, 25}",9993
1222,18,202,"x_{184, 18}",10028
1223,17,202,"x_{185, 17}",10033
1224,16,202,"x_{186, 16}",10036
1225,14,202,"x_{188, 14}",10045
1226,13,202,"x_{189, 13}",10051
1227,12,202,"x_{190, 12}",10056
1228,12,202,"x_{190, 12, 1}",10057
1229,12,202,"x_{190, 12, 2}",10058
1230,11,202,"x_{191, 11}",10061
1231,11,202,"x_{191, 11, 1}",10062
1232,11,202,"x_{191, 11, 2}",10063
1233,10,202,"x_{192, 10}",10067
1234,10,202,"x_{192, 10, 1}",10068
1235,9,202,"x_{193, 9}",10072
1236,9,202,"x_{193, 9, 1}",10073
1237,8,202,"x_{194, 8}",10076
1238,67,203,"x_{136, 67}",10086
1239,52,203,"x_{151, 52}",10091
1240,50,203,"x_{153, 50}",10093
1241,49,203,"x_{154, 49}",10094
1242,22,203,"x_{181, 22}",10183
1243,21,203,"x_{182, 21}",10186
1244,21,203,"x_{182, 21, 1}",10187
1245,19,203,"x_{184, 19}",10194
1246,17,203,"x_{186, 17}",10206
1247,17,203,"x_{186, 17, 1}",10208
1248,16,203,"x_{187, 16}",10213
1249,15,203,"x_{188, 15}",10221
1250,15,203,"x_{188, 15, 1}",10222
1251,15,203,"x_{188, 15, 2}",10224
1252,11,203,"x_{192, 11}",10246
1253,61,204,"x_{143, 61}",10263
1254,61,204,"x_{143, 61, 1}",10264
1255,29,204,"x_{175, 29}",10357
1256,28,204,"x_{176, 28}",10362
1257,21,204,"x_{183, 21}",10386
1258,21,204,"x_{183, 21, 1}",10388
1259,20,204,"x_{184, 20}",10394
1260,19,204,"x_{185, 19}",10398
1261,18,204,"x_{186, 18}",10404
1262,18,204,"x_{186, 18, 1}",10405
1263,17,204,"x_{187, 17}",10412
1264,17,204,"x_{187, 17, 1}",10413
1265,17,204,"x_{187, 17, 2}",10414
1266,16,204,"x_{188, 16}",10419
1267,16,204,"x_{188, 16, 1}",10421
1268,15,204,"x_{189, 15}",10423
1269,15,204,"x_{189, 15, 1}",10424
1270,14,204,"x_{190, 14}",10428
1271,13,204,"x_{191, 13}",10434
1272,13,204,"x_{191, 13, 1}",10435
1273,12,204,"x_{192, 12}",10437
1274,12,204,"x_{192, 12, 1}",10439
1275,11,204,"x_{193, 11}",10444
1276,11,204,"x_{193, 11, 1}",10445
1277,11,204,"x_{193, 11, 2}",10448
1278,10,204,"x_{194, 10}",10450
1279,10,204,"x_{194, 10, 1}",10451
1280,10,204,"x_{194, 10, 2}",10452
1281,9,204,"x_{195, 9}",10456
1282,9,204,"x_{195, 9, 1}",10457
1283,9,204,"x_{195, 9, 2}",10458
1284,8,204,"x_{196, 8}",10462
1285,8,204,"x_{196, 8, 1}",10463
1286,7,204,"x_{197, 7}",10465
1287,38,205,"x_{167, 38}",10493
1288,37,205,"x_{168, 37}",10494
1289,28,205,"x_{177, 28}",10510
1290,27,205,"x_{178, 27}",10512
1291,24,205,"x_{181, 24}",10520
1292,17,205,"x_{188, 17}",10554
1293,16,205,"x_{189, 16}",10559
1294,15,205,"x_{190, 15}",10565
1295,15,205,"x_{190, 15, 1}",10567
1296,14,205,"x_{191, 14}",10572
1297,14,205,"x_{191, 14, 1}",10574
1298,12,205,"x_{193, 12}",10584
1299,7,205,"x_{198, 7}",10604
1300,69,206,"x_{137, 69}",10608
1301,46,206,"x_{160, 46}",10623
1302,33,206,"x_{173, 33}",10666
1303,30,206,"x_{176, 30}",10677
1304,26,206,"x_{180, 26}",10695
1305,23,206,"x_{183, 23}",10707
1306,18,206,"x_{188, 18}",10730
1307,17,206,"x_{189, 17}",10740
1308,16,206,"x_{190, 16}",10751
1309,15,206,"x_{191, 15}",10761
1310,13,206,"x_{193, 13}",10780
1311,61,207,"x_{146, 61}",10814
1312,58,207,"x_{149, 58}",10817
1313,57,207,"x_{150, 57}",10819
1314,46,207,"x_{161, 46}",10843
1315,35,207,"x_{172, 35}",10887
1316,35,207,"x_{172, 35, 1}",10888
1317,32,207,"x_{175, 32}",10899
1318,20,207,"x_{187, 20}",10936
1319,19,207,"x_{188, 19}",10940
1320,18,207,"x_{189, 18}",10945
1321,18,207,"x_{189, 18, 1}",10946
1322,18,207,"x_{189, 18, 2}",10947
1323,17,207,"x_{190, 17}",10952
1324,17,207,"x_{190, 17, 1}",10954
1325,16,207,"x_{191, 16}",10960
1326,15,207,"x_{192, 15}",10963
1327,14,207,"x_{193, 14}",10966
1328,14,207,"x_{193, 14, 1}",10967
1329,14,207,"x_{193, 14, 2}",10969
1330,13,207,"x_{194, 13}",10970
1331,13,207,"x_{194, 13, 1}",10971
1332,12,207,"x_{195, 12}",10976
1333,11,207,"x_{196, 11}",10981
1334,69,208,"x_{139, 69}",10986
1335,39,208,"x_{169, 39}",11009
1336,32,208,"x_{176, 32}",11027
1337,27,208,"x_{181, 27}",11039
1338,20,208,"x_{188, 20}",11067
1339,16,208,"x_{192, 16}",11086
1340,14,208,"x_{194, 14}",11101
1341,13,208,"x_{195, 13}",11106
1342,12,208,"x_{196, 12}",11111
1343,12,208,"x_{196, 12, 1}",11113
1344,12,208,"x_{196, 12, 2}",11115
1345,11,208,"x_{197, 11}",11118
1346,11,208,"x_{197, 11, 1}",11120
1347,8,208,"x_{200, 8}",11127
1348,7,208,"x_{201, 7}",11130
1349,43,209,"x_{166, 43}",11162
1350,26,209,"x_{183, 26}",11228
1351,19,209,"x_{190, 19}",11256
1352,16,209,"x_{193, 16}",11274
1353,15,209,"x_{194, 15}",11280
1354,14,209,"x_{195, 14}",11288
1355,13,209,"x_{196, 13}",11295
1356,12,209,"x_{197, 12}",11300
1357,11,209,"x_{198, 11}",11301
1358,10,209,"x_{199, 10}",11304
1359,68,210,"x_{142, 68}",11316
1360,58,210,"x_{152, 58}",11326
1361,57,210,"x_{153, 57}",11328
1362,46,210,"x_{164, 46}",11351
1363,45,210,"x_{165, 45}",11352
1364,35,210,"x_{175, 35}",11398
1365,32,210,"x_{178, 32}",11409
1366,31,210,"x_{179, 31}",11413
1367,30,210,"x_{180, 30}",11417
1368,28,210,"x_{182, 28}",11425
1369,25,210,"x_{185, 25}",11435
1370,21,210,"x_{189, 21}",11447
1371,20,210,"x_{190, 20}",11450
1372,18,210,"x_{192, 18}",11456
1373,16,210,"x_{194, 16}",11468
1374,16,210,"x_{194, 16, 1}",11469
1375,16,210,"x_{194, 16, 2}",11473
1376,15,210,"x_{195, 15}",11481
1377,15,210,"x_{195, 15, 1}",11484
1378,14,210,"x_{196, 14}",11491
1379,11,210,"x_{199, 11}",11516
1380,10,210,"x_{200, 10}",11519
1381,39,211,"x_{172, 39}",11556
1382,32,211,"x_{179, 32}",11570
1383,31,211,"x_{180, 31}",11572
1384,31,211,"x_{180, 31, 1}",11573
1385,30,211,"x_{181, 30}",11576
1386,24,211,"x_{187, 24}",11588
1387,16,211,"x_{195, 16}",11624
1388,16,211,"x_{195, 16, 1}",11625
1389,15,211,"x_{196, 15}",11632
1390,14,211,"x_{197, 14}",11639
1391,14,211,"x_{197, 14, 1}",11641
1392,13,211,"x_{198, 13}",11646
1393,13,211,"x_{198, 13, 1}",11648
1394,12,211,"x_{199, 12}",11652
1395,56,212,"x_{156, 56}",11674
1396,54,212,"x_{158, 54}",11676
1397,53,212,"x_{159, 53}",11677
1398,53,212,"x_{159, 53, 1}",11678
1399,44,212,"x_{168, 44}",11692
1400,43,212,"x_{169, 43}",11695
1401,33,212,"x_{179, 33}",11737
1402,30,212,"x_{182, 30}",11752
1403,28,212,"x_{184, 28}",11762
1404,27,212,"x_{185, 27}",11769
1405,26,212,"x_{186, 26}",11771
1406,26,212,"x_{186, 26, 1}",11772
1407,23,212,"x_{189, 23}",11786
1408,19,212,"x_{193, 19}",11804
1409,14,212,"x_{198, 14}",11835
1410,14,212,"x_{198, 14, 1}",11836
1411,13,212,"x_{199, 13}",11845
1412,13,212,"x_{199, 13, 1}",11847
1413,12,212,"x_{200, 12}",11851
1414,11,212,"x_{201, 11}",11856
1415,11,212,"x_{201, 11, 1}",11857
1416,11,212,"x_{201, 11, 2}",11861
1417,10,212,"x_{202, 10}",11863
1418,10,212,"x_{202, 10, 1}",11864
1419,10,212,"x_{202, 10, 2}",11867
1420,9,212,"x_{203, 9}",11870
1421,9,212,"x_{203, 9, 1}",11871
1422,8,212,"x_{204, 8}",11876
1423,7,212,"x_{205, 7}",11881
1424,7,212,"x_{205, 7, 1}",11882
1425,68,213,"x_{145, 68}",11889
1426,67,213,"x_{146, 67}",11890
1427,32,213,"x_{181, 32}",11992
1428,26,213,"x_{187, 26}",12015
1429,25,213,"x_{188, 25}",12021
1430,24,213,"x_{189, 24}",12025
1431,23,213,"x_{190, 23}",12031
1432,22,213,"x_{191, 22}",12034
1433,21,213,"x_{192, 21}",12038
1434,19,213,"x_{194, 19}",12042
1435,16,213,"x_{197, 16}",12055
1436,14,213,"x_{199, 14}",12073
1437,7,213,"x_{206, 7}",12101
1438,41,214,"x_{173, 41}",12132
1439,32,214,"x_{182, 32}",12157
1440,31,214,"x_{183, 31}",12159
1441,28,214,"x_{186, 28}",12167
1442,26,214,"x_{188, 26}",12174
1443,24,214,"x_{190, 24}",12180
1444,23,214,"x_{191, 23}",12183
1445,19,214,"x_{195, 19}",12195
1446,18,214,"x_{196, 18}",12198
1447,17,214,"x_{197, 17}",12202
1448,17,214,"x_{197, 17, 1}",12203
1449,16,214,"x_{198, 16}",12208
1450,15,214,"x_{199, 15}",12215
1451,15,214,"x_{199, 15, 1}",12216
1452,14,214,"x_{200, 14}",12222
1453,14,214,"x_{200, 14, 1}",12223
1454,13,214,"x_{201, 13}",12228
1455,13,214,"x_{201, 13, 1}",12229
1456,13,214,"x_{201, 13, 2}",12231
1457,13,214,"x_{201, 13, 3}",12232
1458,12,214,"x_{202, 12}",12236
1459,12,214,"x_{202, 12, 1}",12237
1460,11,214,"x_{203, 11}",12245
1461,10,214,"x_{204, 10}",12251
1462,10,214,"x_{204, 10, 1}",12252
1463,10,214,"x_{204, 10, 2}",12253
1464,9,214,"x_{205, 9}",12257
1465,9,214,"x_{205, 9, 1}",12258
1466,8,214,"x_{206, 8}",12262
1467,71,215,"x_{144, 71}",12268
1468,56,215,"x_{159, 56}",12278
1469,54,215,"x_{161, 54}",12281
1470,53,215,"x_{162, 53}",12282
1471,50,215,"x_{165, 50}",12285
1472,44,215,"x_{171, 44}",12296
1473,27,215,"x_{188, 27}",12369
1474,26,215,"x_{189, 26}",12372
1475,26,215,"x_{189, 26, 1}",12373
1476,23,215,"x_{192, 23}",12385
1477,13,215,"x_{202, 13}",12435
1478,11,215,"x_{204, 11}",12444
1479,11,215,"x_{204, 11, 1}",12445
1480,65,216,"x_{151, 65}",12455
1481,33,216,"x_{183, 33}",12552
1482,32,216,"x_{184, 32}",12555
1483,29,216,"x_{187, 29}",12570
1484,28,216,"x_{188, 28}",12571
1485,26,216,"x_{190, 26}",12578
1486,26,216,"x_{190, 26, 1}",12579
1487,24,216,"x_{192, 24}",12587
1488,24,216,"x_{192, 24, 1}",12589
1489,23,216,"x_{193, 23}",12592
1490,22,216,"x_{194, 22}",12594
1491,20,216,"x_{196, 20}",12601
1492,19,216,"x_{197, 19}",12607
1493,16,216,"x_{200, 16}",12622
1494,16,216,"x_{200, 16, 1}",12624
1495,15,216,"x_{201, 15}",12629
1496,13,216,"x_{203, 13}",12642
1497,9,216,"x_{207, 9}",12666
1498,7,216,"x_{209, 7}",12672
1499,51,217,"x_{166, 51}",12692
1500,42,217,"x_{175, 42}",12699
1501,41,217,"x_{176, 41}",12701
1502,32,217,"x_{185, 32}",12720
1503,31,217,"x_{186, 31}",12721
1504,28,217,"x_{189, 28}",12732
1505,26,217,"x_{191, 26}",12739
1506,21,217,"x_{196, 21}",12754
1507,20,217,"x_{197, 20}",12759
1508,18,217,"x_{199, 18}",12765
1509,17,217,"x_{200, 17}",12767
1510,15,217,"x_{202, 15}",12778
1511,13,217,"x_{204, 13}",12789
1512,7,217,"x_{210, 7}",12811
1513,73,218,"x_{145, 73}",12815
1514,50,218,"x_{168, 50}",12834
1515,37,218,"x_{181, 37}",12872
1516,28,218,"x_{190, 28}",12924
1517,28,218,"x_{190, 28, 1}",12926
1518,27,218,"x_{191, 27}",12930
1519,23,218,"x_{195, 23}",12944
1520,23,218,"x_{195, 23, 1}",12945
1521,20,218,"x_{198, 20}",12957
1522,19,218,"x_{199, 19}",12963
1523,16,218,"x_{202, 16}",12981
1524,15,218,"x_{203, 15}",12987
1525,14,218,"x_{204, 14}",12992
1526,14,218,"x_{204, 14, 1}",12994
1527,13,218,"x_{205, 13}",12999
1528,12,218,"x_{206, 12}",13006
1529,11,218,"x_{207, 11}",13013
1530,10,218,"x_{208, 10}",13020
1531,9,218,"x_{209, 9}",13024
1532,8,218,"x_{210, 8}",13028
1533,65,219,"x_{154, 65}",13038
1534,50,219,"x_{169, 50}",13071
1535,39,219,"x_{180, 39}",13109
1536,36,219,"x_{183, 36}",13123
1537,34,219,"x_{185, 34}",13135
1538,33,219,"x_{186, 33}",13140
1539,26,219,"x_{193, 26}",13162
1540,24,219,"x_{195, 24}",13172
1541,23,219,"x_{196, 23}",13175
1542,23,219,"x_{196, 23, 1}",13177
1543,22,219,"x_{197, 22}",13179
1544,21,219,"x_{198, 21}",13185
1545,21,219,"x_{198, 21, 1}",13186
1546,20,219,"x_{199, 20}",13190
1547,19,219,"x_{200, 19}",13193
1548,18,219,"x_{201, 18}",13195
1549,10,219,"x_{209, 10}",13226
1550,73,220,"x_{147, 73}",13234
1551,42,220,"x_{178, 42}",13252
1552,36,220,"x_{184, 36}",13267
1553,32,220,"x_{188, 32}",13282
1554,28,220,"x_{192, 28}",13293
1555,25,220,"x_{195, 25}",13302
1556,25,220,"x_{195, 25, 1}",13303
1557,23,220,"x_{197, 23}",13311
1558,21,220,"x_{199, 21}",13315
1559,20,220,"x_{200, 20}",13318
1560,18,220,"x_{202, 18}",13324
1561,17,220,"x_{203, 17}",13327
1562,16,220,"x_{204, 16}",13338
1563,14,220,"x_{206, 14}",13347
1564,13,220,"x_{207, 13}",13356
1565,7,220,"x_{213, 7}",13381
1566,47,221,"x_{174, 47}",13410
1567,47,221,"x_{174, 47, 1}",13411
1568,31,221,"x_{190, 31}",13477
1569,28,221,"x_{193, 28}",13495
1570,27,221,"x_{194, 27}",13498
1571,27,221,"x_{194, 27, 1}",13502
1572,26,221,"x_{195, 26}",13504
1573,24,221,"x_{197, 24}",13510
1574,23,221,"x_{198, 23}",13517
1575,22,221,"x_{199, 22}",13519
1576,20,221,"x_{201, 20}",13525
1577,19,221,"x_{202, 19}",13530
1578,19,221,"x_{202, 19, 1}",13531
1579,19,221,"x_{202, 19, 2}",13532
1580,18,221,"x_{203, 18}",13539
1581,16,221,"x_{205, 16}",13549
1582,12,221,"x_{209, 12}",13562
1583,11,221,"x_{210, 11}",13565
1584,10,221,"x_{211, 10}",13569
1585,72,222,"x_{150, 72}",13579
1586,71,222,"x_{151, 71}",13580
1587,62,222,"x_{160, 62}",13589
1588,61,222,"x_{161, 61}",13591
1589,49,222,"x_{173, 49}",13622
1590,49,222,"x_{173, 49, 1}",13623
1591,49,222,"x_{173, 49, 2}",13626
1592,36,222,"x_{186, 36}",13683
1593,34,222,"x_{188, 34}",13694
1594,33,222,"x_{189, 33}",13697
1595,32,222,"x_{190, 32}",13700
1596,29,222,"x_{193, 29}",13717
1597,28,222,"x_{194, 28}",13721
1598,26,222,"x_{196, 26}",13732
1599,22,222,"x_{200, 22}",13748
1600,19,222,"x_{203, 19}",13758
1601,14,222,"x_{208, 14}",13780
1602,13,222,"x_{209, 13}",13784
1603,12,222,"x_{210, 12}",13786
1604,43,223,"x_{180, 43}",13825
1605,36,223,"x_{187, 36}",13843
1606,33,223,"x_{190, 33}",13849
1607,31,223,"x_{192, 31}",13856
1608,26,223,"x_{197, 26}",13880
1609,21,223,"x_{202, 21}",13894
1610,21,223,"x_{202, 21, 1}",13895
1611,21,223,"x_{202, 21, 2}",13896
1612,20,223,"x_{203, 20}",13899
1613,19,223,"x_{204, 19}",13906
1614,19,223,"x_{204, 19, 1}",13907
1615,18,223,"x_{205, 18}",13911
1616,18,223,"x_{205, 18, 1}",13912
1617,17,223,"x_{206, 17}",13914
1618,57,224,"x_{167, 57}",13942
1619,48,224,"x_{176, 48}",13962
1620,47,224,"x_{177, 47}",13964
1621,30,224,"x_{194, 30}",14037
1622,28,224,"x_{196, 28}",14053
1623,27,224,"x_{197, 27}",14061
1624,23,224,"x_{201, 23}",14076
1625,22,224,"x_{202, 22}",14081
1626,21,224,"x_{203, 21}",14086
1627,19,224,"x_{205, 19}",14100
1628,18,224,"x_{206, 18}",14105
1629,18,224,"x_{206, 18, 1}",14108
1630,16,224,"x_{208, 16}",14115
1631,12,224,"x_{212, 12}",14138
1632,11,224,"x_{213, 11}",14140
1633,10,224,"x_{214, 10}",14141
1634,7,224,"x_{217, 7}",14146
1635,6,224,"x_{218, 6}",14147
1636,72,225,"x_{153, 72}",14151
1637,71,225,"x_{154, 71}",14152
1638,35,225,"x_{190, 35}",14253
1639,34,225,"x_{191, 34}",14257
1640,29,225,"x_{196, 29}",14282
1641,25,225,"x_{200, 25}",14296
1642,23,225,"x_{202, 23}",14302
1643,19,225,"x_{206, 19}",14318
1644,19,225,"x_{206, 19, 1}",14319
1645,18,225,"x_{207, 18}",14324
1646,18,225,"x_{207, 18, 1}",14325
1647,17,225,"x_{208, 17}",14328
1648,17,225,"x_{208, 17, 1}",14329
1649,10,225,"x_{215, 10}",14343
1650,45,226,"x_{181, 45}",14375
1651,45,226,"x_{181, 45, 1}",14376
1652,27,226,"x_{199, 27}",14421
1653,26,226,"x_{200, 26}",14423
1654,25,226,"x_{201, 25}",14425
1655,25,226,"x_{201, 25, 1}",14427
1656,24,226,"x_{202, 24}",14428
1657,23,226,"x_{203, 23}",14430
1658,23,226,"x_{203, 23, 1}",14431
1659,22,226,"x_{204, 22}",14433
1660,22,226,"x_{204, 22, 1}",14437
1661,21,226,"x_{205, 21}",14440
1662,21,226,"x_{205, 21, 1}",14441
1663,21,226,"x_{205, 21, 2}",14443
1664,21,226,"x_{205, 21, 3}",14444
1665,20,226,"x_{206, 20}",14448
1666,20,226,"x_{206, 20, 1}",14449
1667,20,226,"x_{206, 20, 2}",14451
1668,19,226,"x_{207, 19}",14456
1669,19,226,"x_{207, 19, 1}",14459
1670,18,226,"x_{208, 18}",14461
1671,18,226,"x_{208, 18, 1}",14462
1672,17,226,"x_{209, 17}",14466
1673,17,226,"x_{209, 17, 1}",14467
1674,16,226,"x_{210, 16}",14472
1675,15,226,"x_{211, 15}",14476
1676,10,226,"x_{216, 10}",14495
1677,9,226,"x_{217, 9}",14497
1678,75,227,"x_{152, 75}",14504
1679,60,227,"x_{167, 60}",14511
1680,58,227,"x_{169, 58}",14513
1681,57,227,"x_{170, 57}",14514
1682,31,227,"x_{196, 31}",14609
1683,28,227,"x_{199, 28}",14624
1684,9,227,"x_{218, 9}",14704
1685,69,228,"x_{159, 69}",14713
1686,40,228,"x_{188, 40}",14796
1687,37,228,"x_{191, 37}",14813
1688,34,228,"x_{194, 34}",14828
1689,30,228,"x_{198, 30}",14846
1690,28,228,"x_{200, 28}",14856
1691,25,228,"x_{203, 25}",14872
1692,24,228,"x_{204, 24}",14877
1693,21,228,"x_{207, 21}",14884
1694,20,228,"x_{208, 20}",14885
1695,20,228,"x_{208, 20, 1}",14886
1696,20,228,"x_{208, 20, 2}",14887
1697,19,228,"x_{209, 19}",14889
1698,19,228,"x_{209, 19, 1}",14890
1699,18,228,"x_{210, 18}",14895
1700,18,228,"x_{210, 18, 1}",14896
1701,18,228,"x_{210, 18, 2}",14897
1702,17,228,"x_{211, 17}",14901
1703,17,228,"x_{211, 17, 1}",14903
1704,17,228,"x_{211, 17, 2}",14904
1705,16,228,"x_{212, 16}",14906
1706,16,228,"x_{212, 16, 1}",14907
1707,16,228,"x_{212, 16, 2}",14908
1708,15,228,"x_{213, 15}",14912
1709,15,228,"x_{213, 15, 1}",14913
1710,11,228,"x_{217, 11}",14929
1711,9,228,"x_{219, 9}",14938
1712,9,228,"x_{219, 9, 1}",14939
1713,8,228,"x_{220, 8}",14942
1714,7,228,"x_{221, 7}",14944
1715,6,228,"x_{222, 6}",14946
1716,5,228,"x_{223, 5}",14948
1717,46,229,"x_{183, 46}",14976
1718,45,229,"x_{184, 45}",14977
1719,32,229,"x_{197, 32}",15004
1720,31,229,"x_{198, 31}",15008
1721,27,229,"x_{202, 27}",15024
1722,23,229,"x_{206, 23}",15038
1723,22,229,"x_{207, 22}",15040
1724,22,229,"x_{207, 22, 1}",15041
1725,21,229,"x_{208, 21}",15043
1726,19,229,"x_{210, 19}",15052
1727,19,229,"x_{210, 19, 1}",15053
1728,18,229,"x_{211, 18}",15057
1729,17,229,"x_{212, 17}",15063
1730,16,229,"x_{213, 16}",15068
1731,15,229,"x_{214, 15}",15070
1732,14,229,"x_{215, 14}",15071
1733,77,230,"x_{153, 77}",15093
1734,54,230,"x_{176, 54}",15110
1735,41,230,"x_{189, 41}",15157
1736,40,230,"x_{190, 40}",15158
1737,39,230,"x_{191, 39}",15164
1738,32,230,"x_{198, 32}",15205
1739,31,230,"x_{199, 31}",15212
1740,22,230,"x_{208, 22}",15254
1741,21,230,"x_{209, 21}",15259
1742,20,230,"x_{210, 20}",15265
1743,18,230,"x_{212, 18}",15282
1744,17,230,"x_{213, 17}",15286
1745,16,230,"x_{214, 16}",15293
1746,69,231,"x_{162, 69}",15332
1747,66,231,"x_{165, 66}",15335
1748,65,231,"x_{166, 65}",15337
1749,54,231,"x_{177, 54}",15363
1750,43,231,"x_{188, 43}",15406
1751,43,231,"x_{188, 43, 1}",15407
1752,40,231,"x_{191, 40}",15423
1753,38,231,"x_{193, 38}",15436
1754,37,231,"x_{194, 37}",15440
1755,28,231,"x_{203, 28}",15478
1756,27,231,"x_{204, 27}",15481
1757,26,231,"x_{205, 26}",15485
1758,26,231,"x_{205, 26, 1}",15487
1759,25,231,"x_{206, 25}",15490
1760,24,231,"x_{207, 24}",15492
1761,23,231,"x_{208, 23}",15496
1762,23,231,"x_{208, 23, 1}",15497
1763,22,231,"x_{209, 22}",15507
1764,21,231,"x_{210, 21}",15512
1765,20,231,"x_{211, 20}",15516
1766,20,231,"x_{211, 20, 1}",15517
1767,19,231,"x_{212, 19}",15524
1768,19,231,"x_{212, 19, 1}",15527
1769,13,231,"x_{218, 13}",15552
1770,77,232,"x_{155, 77}",15565
1771,47,232,"x_{185, 47}",15590
1772,40,232,"x_{192, 40}",15612
1773,31,232,"x_{201, 31}",15640
1774,31,232,"x_{201, 31, 1}",15641
1775,30,232,"x_{202, 30}",15644
1776,29,232,"x_{203, 29}",15647
1777,29,232,"x_{203, 29, 1}",15649
1778,26,232,"x_{206, 26}",15654
1779,25,232,"x_{207, 25}",15659
1780,25,232,"x_{207, 25, 1}",15660
1781,25,232,"x_{207, 25, 2}",15662
1782,24,232,"x_{208, 24}",15665
1783,23,232,"x_{209, 23}",15671
1784,22,232,"x_{210, 22}",15680
1785,22,232,"x_{210, 22, 1}",15681
1786,22,232,"x_{210, 22, 2}",15682
1787,22,232,"x_{210, 22, 3}",15683
1788,21,232,"x_{211, 21}",15688
1789,19,232,"x_{213, 19}",15698
1790,19,232,"x_{213, 19, 1}",15699
1791,18,232,"x_{214, 18}",15702
1792,18,232,"x_{214, 18, 1}",15703
1793,17,232,"x_{215, 17}",15706
1794,16,232,"x_{216, 16}",15708
1795,15,232,"x_{217, 15}",15710
1796,15,232,"x_{217, 15, 1}",15711
1797,15,232,"x_{217, 15, 2}",15712
1798,14,232,"x_{218, 14}",15714
1799,14,232,"x_{218, 14, 1}",15715
1800,14,232,"x_{218, 14, 2}",15716
1801,13,232,"x_{219, 13}",15719
1802,13,232,"x_{219, 13, 1}",15720
1803,13,232,"x_{219, 13, 2}",15721
1804,12,232,"x_{220, 12}",15724
1805,12,232,"x_{220, 12, 1}",15725
1806,11,232,"x_{221, 11}",15728
1807,11,232,"x_{221, 11, 1}",15729
1808,10,232,"x_{222, 10}",15732
1809,9,232,"x_{223, 9}",15735
1810,9,232,"x_{223, 9, 1}",15737
1811,8,232,"x_{224, 8}",15739
1812,51,233,"x_{182, 51}",15771
1813,35,233,"x_{198, 35}",15843
1814,32,233,"x_{201, 32}",15860
1815,28,233,"x_{205, 28}",15879
1816,21,233,"x_{212, 21}",15916
1817,21,233,"x_{212, 21, 1}",15919
1818,20,233,"x_{213, 20}",15922
1819,20,233,"x_{213, 20, 1}",15923
1820,19,233,"x_{214, 19}",15927
1821,17,233,"x_{216, 17}",15934
1822,16,233,"x_{217, 16}",15940
1823,16,233,"x_{217, 16, 1}",15943
1824,15,233,"x_{218, 15}",15948
1825,12,233,"x_{221, 12}",15959
1826,76,234,"x_{158, 76}",15972
1827,66,234,"x_{168, 66}",15982
1828,65,234,"x_{169, 65}",15984
1829,54,234,"x_{180, 54}",16009
1830,53,234,"x_{181, 53}",16010
1831,40,234,"x_{194, 40}",16072
1832,39,234,"x_{195, 39}",16079
1833,38,234,"x_{196, 38}",16086
1834,30,234,"x_{204, 30}",16119
1835,29,234,"x_{205, 29}",16123
1836,26,234,"x_{208, 26}",16136
1837,26,234,"x_{208, 26, 1}",16139
1838,25,234,"x_{209, 25}",16142
1839,25,234,"x_{209, 25, 1}",16144
1840,22,234,"x_{212, 22}",16157
1841,22,234,"x_{212, 22, 1}",16161
1842,21,234,"x_{213, 21}",16165
1843,18,234,"x_{216, 18}",16179
1844,16,234,"x_{218, 16}",16191
1845,16,234,"x_{218, 16, 1}",16193
1846,15,234,"x_{219, 15}",16196
1847,14,234,"x_{220, 14}",16202
1848,14,234,"x_{220, 14, 1}",16203
1849,13,234,"x_{221, 13}",16209
1850,13,234,"x_{221, 13, 1}",16211
1851,13,234,"x_{221, 13, 2}",16213
1852,12,234,"x_{222, 12}",16215
1853,11,234,"x_{223, 11}",16219
1854,47,235,"x_{188, 47}",16256
1855,38,235,"x_{197, 38}",16280
1856,37,235,"x_{198, 37}",16284
1857,35,235,"x_{200, 35}",16292
1858,31,235,"x_{204, 31}",16303
1859,31,235,"x_{204, 31, 1}",16304
1860,30,235,"x_{205, 30}",16308
1861,30,235,"x_{205, 30, 1}",16309
1862,29,235,"x_{206, 29}",16313
1863,29,235,"x_{206, 29, 1}",16316
1864,26,235,"x_{209, 26}",16329
1865,25,235,"x_{210, 25}",16335
1866,25,235,"x_{210, 25, 1}",16337
1867,22,235,"x_{213, 22}",16352
1868,22,235,"x_{213, 22, 1}",16353
1869,21,235,"x_{214, 21}",16356
1870,20,235,"x_{215, 20}",16361
1871,19,235,"x_{216, 19}",16363
1872,18,235,"x_{217, 18}",16367
1873,18,235,"x_{217, 18, 1}",16369
1874,18,235,"x_{217, 18, 2}",16370
1875,17,235,"x_{218, 17}",16373
1876,17,235,"x_{218, 17, 1}",16374
1877,17,235,"x_{218, 17, 2}",16375
1878,16,235,"x_{219, 16}",16383
1879,15,235,"x_{220, 15}",16386
1880,15,235,"x_{220, 15, 1}",16388
1881,15,235,"x_{220, 15, 2}",16390
1882,14,235,"x_{221, 14}",16392
1883,14,235,"x_{221, 14, 1}",16393
1884,14,235,"x_{221, 14, 2}",16394
1885,13,235,"x_{222, 13}",16397
1886,13,235,"x_{222, 13, 1}",16399
1887,12,235,"x_{223, 12}",16400
1888,64,236,"x_{172, 64}",16416
1889,61,236,"x_{175, 61}",16418
1890,52,236,"x_{184, 52}",16432
1891,51,236,"x_{185, 51}",16435
1892,35,236,"x_{201, 35}",16514
1893,25,236,"x_{211, 25}",16573
1894,20,236,"x_{216, 20}",16590
1895,18,236,"x_{218, 18}",16603
1896,16,236,"x_{220, 16}",16613
1897,13,236,"x_{223, 13}",16625
1898,12,236,"x_{224, 12}",16628
1899,76,237,"x_{161, 76}",16641
1900,75,237,"x_{162, 75}",16642
1901,34,237,"x_{203, 34}",16778
1902,31,237,"x_{206, 31}",16796
1903,29,237,"x_{208, 29}",16805
1904,27,237,"x_{210, 27}",16814
1905,26,237,"x_{211, 26}",16816
1906,25,237,"x_{212, 25}",16818
1907,25,237,"x_{212, 25, 1}",16820
1908,24,237,"x_{213, 24}",16823
1909,23,237,"x_{214, 23}",16827
1910,23,237,"x_{214, 23, 1}",16828
1911,23,237,"x_{214, 23, 2}",16829
1912,23,237,"x_{214, 23, 3}",16830
1913,21,237,"x_{216, 21}",16837
1914,19,237,"x_{218, 19}",16848
1915,18,237,"x_{219, 18}",16852
1916,18,237,"x_{219, 18, 1}",16853
1917,17,237,"x_{220, 17}",16856
1918,17,237,"x_{220, 17, 1}",16857
1919,16,237,"x_{221, 16}",16862
1920,15,237,"x_{222, 15}",16864
1921,14,237,"x_{223, 14}",16868
1922,13,237,"x_{224, 13}",16874
1923,12,237,"x_{225, 12}",16878
1924,9,237,"x_{228, 9}",16887
1925,49,238,"x_{189, 49}",16915
1926,35,238,"x_{203, 35}",16959
1927,33,238,"x_{205, 33}",16965
1928,32,238,"x_{206, 32}",16966
1929,32,238,"x_{206, 32, 1}",16967
1930,31,238,"x_{207, 31}",16972
1931,31,238,"x_{207, 31, 1}",16973
1932,31,238,"x_{207, 31, 2}",16974
1933,30,238,"x_{208, 30}",16981
1934,29,238,"x_{209, 29}",16982
1935,29,238,"x_{209, 29, 1}",16984
1936,28,238,"x_{210, 28}",16988
1937,27,238,"x_{211, 27}",16990
1938,27,238,"x_{211, 27, 1}",16992
1939,25,238,"x_{213, 25}",16996
1940,25,238,"x_{213, 25, 1}",16997
1941,24,238,"x_{214, 24}",17002
1942,23,238,"x_{215, 23}",17011
1943,22,238,"x_{216, 22}",17013
1944,20,238,"x_{218, 20}",17023
1945,20,238,"x_{218, 20, 1}",17024
1946,20,238,"x_{218, 20, 2}",17027
1947,19,238,"x_{219, 19}",17031
1948,18,238,"x_{220, 18}",17038
1949,18,238,"x_{220, 18, 1}",17042
1950,17,238,"x_{221, 17}",17044
1951,16,238,"x_{222, 16}",17050
1952,16,238,"x_{222, 16, 1}",17052
1953,15,238,"x_{223, 15}",17057
1954,12,238,"x_{226, 12}",17075
1955,11,238,"x_{227, 11}",17079
1956,11,238,"x_{227, 11, 1}",17080
1957,10,238,"x_{228, 10}",17083
1958,9,238,"x_{229, 9}",17088
1959,8,238,"x_{230, 8}",17091
1960,7,238,"x_{231, 7}",17093
1961,79,239,"x_{160, 79}",17096
1962,64,239,"x_{175, 64}",17105
1963,62,239,"x_{177, 62}",17107
1964,61,239,"x_{178, 61}",17108
1965,58,239,"x_{181, 58}",17111
1966,52,239,"x_{187, 52}",17122
1967,35,239,"x_{204, 35}",17205
1968,35,239,"x_{204, 35, 1}",17206
1969,26,239,"x_{213, 26}",17254
1970,25,239,"x_{214, 25}",17261
1971,25,239,"x_{214, 25, 1}",17263
1972,21,239,"x_{218, 21}",17281
1973,20,239,"x_{219, 20}",17287
1974,18,239,"x_{221, 18}",17299
1975,18,239,"x_{221, 18, 1}",17300
1976,17,239,"x_{222, 17}",17306
1977,17,239,"x_{222, 17, 1}",17307
1978,16,239,"x_{223, 16}",17311
1979,15,239,"x_{224, 15}",17313
1980,15,239,"x_{224, 15, 1}",17314
1981,15,239,"x_{224, 15, 2}",17315
1982,14,239,"x_{225, 14}",17317
1983,14,239,"x_{225, 14, 1}",17318
1984,13,239,"x_{226, 13}",17321
1985,13,239,"x_{226, 13, 1}",17322
1986,12,239,"x_{227, 12}",17326
1987,12,239,"x_{227, 12, 1}",17329
1988,11,239,"x_{228, 11}",17331
1989,73,240,"x_{167, 73}",17341
1990,41,240,"x_{199, 41}",17441
1991,36,240,"x_{204, 36}",17468
1992,35,240,"x_{205, 35}",17474
1993,34,240,"x_{206, 34}",17478
1994,34,240,"x_{206, 34, 1}",17479
1995,34,240,"x_{206, 34, 2}",17482
1996,32,240,"x_{208, 32}",17495
1997,29,240,"x_{211, 29}",17509
1998,28,240,"x_{212, 28}",17519
1999,27,240,"x_{213, 27}",17521
2000,27,240,"x_{213, 27, 1}",17523
2001,26,240,"x_{214, 26}",17529
2002,26,240,"x_{214, 26, 1}",17530
2003,25,240,"x_{215, 25}",17536
2004,24,240,"x_{216, 24}",17542
2005,24,240,"x_{216, 24, 1}",17543
2006,23,240,"x_{217, 23}",17547
2007,23,240,"x_{217, 23, 1}",17548
2008,23,240,"x_{217, 23, 2}",17549
2009,23,240,"x_{217, 23, 3}",17551
2010,21,240,"x_{219, 21}",17559
2011,21,240,"x_{219, 21, 1}",17560
2012,18,240,"x_{222, 18}",17568
2013,18,240,"x_{222, 18, 1}",17569
2014,18,240,"x_{222, 18, 2}",17570
2015,17,240,"x_{223, 17}",17576
2016,17,240,"x_{223, 17, 1}",17577
2017,17,240,"x_{223, 17, 2}",17578
2018,17,240,"x_{223, 17, 3}",17579
2019,17,240,"x_{223, 17, 4}",17580
2020,17,240,"x_{223, 17, 5}",17581
2021,16,240,"x_{224, 16}",17584
2022,16,240,"x_{224, 16, 1}",17586
2023,16,240,"x_{224, 16, 2}",17588
2024,15,240,"x_{225, 15}",17597
2025,15,240,"x_{225, 15, 1}",17601
2026,15,240,"x_{225, 15, 2}",17605
2027,14,240,"x_{226, 14}",17608
2028,14,240,"x_{226, 14, 1}",17610
2029,13,240,"x_{227, 13}",17619
2030,12,240,"x_{228, 12}",17627
2031,11,240,"x_{229, 11}",17634
2032,10,240,"x_{230, 10}",17640
2033,9,240,"x_{231, 9}",17645
2034,6,240,"x_{234, 6}",17653
2035,59,241,"x_{182, 59}",17666
2036,50,241,"x_{191, 50}",17676
2037,49,241,"x_{192, 49}",17679
2038,35,241,"x_{206, 35}",17724
2039,34,241,"x_{207, 34}",17727
2040,31,241,"x_{210, 31}",17738
2041,29,241,"x_{212, 29}",17750
2042,28,241,"x_{213, 28}",17757
2043,27,241,"x_{214, 27}",17763
2044,26,241,"x_{215, 26}",17769
2045,25,241,"x_{216, 25}",17775
2046,25,241,"x_{216, 25, 1}",17778
2047,23,241,"x_{218, 23}",17787
2048,23,241,"x_{218, 23, 1}",17789
2049,22,241,"x_{219, 22}",17790
2050,21,241,"x_{220, 21}",17793
2051,20,241,"x_{221, 20}",17798
2052,19,241,"x_{222, 19}",17804
2053,18,241,"x_{223, 18}",17812
2054,18,241,"x_{223, 18, 1}",17813
2055,17,241,"x_{224, 17}",17821
2056,81,242,"x_{161, 81}",17855
2057,58,242,"x_{184, 58}",17872
2058,36,242,"x_{206, 36}",17975
2059,35,242,"x_{207, 35}",17982
2060,34,242,"x_{208, 34}",17986
2061,28,242,"x_{214, 28}",18027
2062,27,242,"x_{215, 27}",18032
2063,25,242,"x_{217, 25}",18042
2064,22,242,"x_{220, 22}",18049
2065,21,242,"x_{221, 21}",18055
2066,21,242,"x_{221, 21, 1}",18057
2067,21,242,"x_{221, 21, 2}",18058
2068,20,242,"x_{222, 20}",18062
2069,20,242,"x_{222, 20, 1}",18063
2070,19,242,"x_{223, 19}",18070
2071,19,242,"x_{223, 19, 1}",18071
2072,18,242,"x_{224, 18}",18077
2073,17,242,"x_{225, 17}",18084
2074,17,242,"x_{225, 17, 1}",18085
2075,17,242,"x_{225, 17, 2}",18086
2076,17,242,"x_{225, 17, 3}",18087
2077,16,242,"x_{226, 16}",18089
2078,15,242,"x_{227, 15}",18094
2079,15,242,"x_{227, 15, 1}",18095
2080,14,242,"x_{228, 14}",18096
2081,14,242,"x_{228, 14, 1}",18097
2082,13,242,"x_{229, 13}",18100
2083,13,242,"x_{229, 13, 1}",18102
2084,13,242,"x_{229, 13, 2}",18103
2085,12,242,"x_{230, 12}",18105
2086,12,242,"x_{230, 12, 1}",18106
2087,11,242,"x_{231, 11}",18109
2088,73,243,"x_{170, 73}",18120
2089,58,243,"x_{185, 58}",18151
2090,47,243,"x_{196, 47}",18193
2091,44,243,"x_{199, 44}",18207
2092,42,243,"x_{201, 42}",18222
2093,41,243,"x_{202, 41}",18229
2094,34,243,"x_{209, 34}",18264
2095,34,243,"x_{209, 34, 1}",18266
2096,32,243,"x_{211, 32}",18277
2097,31,243,"x_{212, 31}",18282
2098,31,243,"x_{212, 31, 1}",18283
2099,28,243,"x_{215, 28}",18302
2100,27,243,"x_{216, 27}",18305
2101,26,243,"x_{217, 26}",18309
2102,26,243,"x_{217, 26, 1}",18311
2103,25,243,"x_{218, 25}",18315
2104,24,243,"x_{219, 24}",18316
2105,24,243,"x_{219, 24, 1}",18319
2106,24,243,"x_{219, 24, 2}",18321
2107,24,243,"x_{219, 24, 3}",18322
2108,23,243,"x_{220, 23}",18323
2109,23,243,"x_{220, 23, 1}",18325
2110,19,243,"x_{224, 19}",18344
2111,19,243,"x_{224, 19, 1}",18345
2112,19,243,"x_{224, 19, 2}",18347
2113,18,243,"x_{225, 18}",18351
2114,17,243,"x_{226, 17}",18357
2115,16,243,"x_{227, 16}",18362
2116,15,243,"x_{228, 15}",18368
2117,11,243,"x_{232, 11}",18380
2118,81,244,"x_{163, 81}",18389
2119,50,244,"x_{194, 50}",18409
2120,44,244,"x_{200, 44}",18424
2121,34,244,"x_{210, 34}",18466
2122,34,244,"x_{210, 34, 1}",18467
2123,34,244,"x_{210, 34, 2}",18468
2124,33,244,"x_{211, 33}",18470
2125,33,244,"x_{211, 33, 1}",18472
2126,31,244,"x_{213, 31}",18479
2127,30,244,"x_{214, 30}",18486
2128,30,244,"x_{214, 30, 1}",18488
2129,28,244,"x_{216, 28}",18498
2130,28,244,"x_{216, 28, 1}",18499
2131,27,244,"x_{217, 27}",18505
2132,26,244,"x_{218, 26}",18508
2133,26,244,"x_{218, 26, 1}",18509
2134,25,244,"x_{219, 25}",18512
2135,24,244,"x_{220, 24}",18520
2136,24,244,"x_{220, 24, 1}",18521
2137,24,244,"x_{220, 24, 2}",18523
2138,23,244,"x_{221, 23}",18526
2139,23,244,"x_{221, 23, 1}",18527
2140,23,244,"x_{221, 23, 2}",18528
2141,22,244,"x_{222, 22}",18531
2142,21,244,"x_{223, 21}",18539
2143,20,244,"x_{224, 20}",18545
2144,20,244,"x_{224, 20, 1}",18546
2145,17,244,"x_{227, 17}",18562
2146,17,244,"x_{227, 17, 1}",18563
2147,16,244,"x_{228, 16}",18568
2148,15,244,"x_{229, 15}",18572
2149,14,244,"x_{230, 14}",18576
2150,14,244,"x_{230, 14, 1}",18577
2151,14,244,"x_{230, 14, 2}",18578
2152,13,244,"x_{231, 13}",18580
2153,13,244,"x_{231, 13, 1}",18581
2154,12,244,"x_{232, 12}",18585
2155,12,244,"x_{232, 12, 1}",18586
2156,11,244,"x_{233, 11}",18590
2157,11,244,"x_{233, 11, 1}",18591
2158,10,244,"x_{234, 10}",18594
2159,10,244,"x_{234, 10, 1}",18595
2160,9,244,"x_{235, 9}",18597
2161,55,245,"x_{190, 55}",18623
2162,39,245,"x_{206, 39}",18699
2163,36,245,"x_{209, 36}",18718
2164,34,245,"x_{211, 34}",18734
2165,33,245,"x_{212, 33}",18741
2166,32,245,"x_{213, 32}",18749
2167,30,245,"x_{215, 30}",18761
2168,27,245,"x_{218, 27}",18776
2169,26,245,"x_{219, 26}",18779
2170,25,245,"x_{220, 25}",18784
2171,25,245,"x_{220, 25, 1}",18788
2172,24,245,"x_{221, 24}",18792
2173,24,245,"x_{221, 24, 1}",18794
2174,24,245,"x_{221, 24, 2}",18795
2175,23,245,"x_{222, 23}",18799
2176,22,245,"x_{223, 22}",18804
2177,22,245,"x_{223, 22, 1}",18806
2178,22,245,"x_{223, 22, 2}",18807
2179,21,245,"x_{224, 21}",18808
2180,21,245,"x_{224, 21, 1}",18809
2181,21,245,"x_{224, 21, 2}",18810
2182,19,245,"x_{226, 19}",18819
2183,19,245,"x_{226, 19, 1}",18820
2184,17,245,"x_{228, 17}",18828
2185,17,245,"x_{228, 17, 1}",18833
2186,16,245,"x_{229, 16}",18834
2187,15,245,"x_{230, 15}",18841
2188,9,245,"x_{236, 9}",18857
2189,80,246,"x_{166, 80}",18860
2190,79,246,"x_{167, 79}",18861
2191,70,246,"x_{176, 70}",18868
2192,69,246,"x_{177, 69}",18870
2193,57,246,"x_{189, 57}",18901
2194,57,246,"x_{189, 57, 1}",18902
2195,42,246,"x_{204, 42}",18977
2196,38,246,"x_{208, 38}",18998
2197,35,246,"x_{211, 35}",19018
2198,34,246,"x_{212, 34}",19028
2199,33,246,"x_{213, 33}",19035
2200,31,246,"x_{215, 31}",19043
2201,30,246,"x_{216, 30}",19048
2202,30,246,"x_{216, 30, 1}",19051
2203,29,246,"x_{217, 29}",19056
2204,27,246,"x_{219, 27}",19063
2205,27,246,"x_{219, 27, 1}",19067
2206,26,246,"x_{220, 26}",19072
2207,26,246,"x_{220, 26, 1}",19073
2208,26,246,"x_{220, 26, 2}",19076
2209,25,246,"x_{221, 25}",19080
2210,25,246,"x_{221, 25, 1}",19081
2211,25,246,"x_{221, 25, 2}",19084
2212,24,246,"x_{222, 24}",19087
2213,24,246,"x_{222, 24, 1}",19088
2214,24,246,"x_{222, 24, 2}",19089
2215,23,246,"x_{223, 23}",19097
2216,23,246,"x_{223, 23, 1}",19098
2217,23,246,"x_{223, 23, 2}",19099
2218,23,246,"x_{223, 23, 3}",19103
2219,22,246,"x_{224, 22}",19108
2220,22,246,"x_{224, 22, 1}",19109
2221,22,246,"x_{224, 22, 2}",19110
2222,21,246,"x_{225, 21}",19116
2223,20,246,"x_{226, 20}",19117
2224,20,246,"x_{226, 20, 1}",19119
2225,19,246,"x_{227, 19}",19123
2226,19,246,"x_{227, 19, 1}",19125
2227,18,246,"x_{228, 18}",19129
2228,17,246,"x_{229, 17}",19136
2229,17,246,"x_{229, 17, 1}",19138
2230,16,246,"x_{230, 16}",19144
2231,16,246,"x_{230, 16, 1}",19145
2232,15,246,"x_{231, 15}",19151
2233,15,246,"x_{231, 15, 1}",19152
2234,14,246,"x_{232, 14}",19157
2235,14,246,"x_{232, 14, 1}",19158
2236,13,246,"x_{233, 13}",19163
2237,51,247,"x_{196, 51}",19206
2238,44,247,"x_{203, 44}",19224
2239,38,247,"x_{209, 38}",19249
2240,34,247,"x_{213, 34}",19272
2241,34,247,"x_{213, 34, 1}",19273
2242,30,247,"x_{217, 30}",19286
2243,29,247,"x_{218, 29}",19288
2244,28,247,"x_{219, 28}",19293
2245,27,247,"x_{220, 27}",19300
2246,27,247,"x_{220, 27, 1}",19301
2247,27,247,"x_{220, 27, 2}",19302
2248,26,247,"x_{221, 26}",19309
2249,26,247,"x_{221, 26, 1}",19310
2250,25,247,"x_{222, 25}",19318
2251,25,247,"x_{222, 25, 1}",19320
2252,24,247,"x_{223, 24}",19330
2253,24,247,"x_{223, 24, 1}",19331
2254,24,247,"x_{223, 24, 2}",19332
2255,24,247,"x_{223, 24, 3}",19335
2256,23,247,"x_{224, 23}",19337
2257,22,247,"x_{225, 22}",19341
2258,21,247,"x_{226, 21}",19347
2259,20,247,"x_{227, 20}",19349
2260,20,247,"x_{227, 20, 1}",19350
2261,19,247,"x_{228, 19}",19353
2262,19,247,"x_{228, 19, 1}",19355
2263,19,247,"x_{228, 19, 2}",19358
2264,18,247,"x_{229, 18}",19359
2265,18,247,"x_{229, 18, 1}",19360
2266,18,247,"x_{229, 18, 2}",19361
2267,18,247,"x_{229, 18, 3}",19363
2268,17,247,"x_{230, 17}",19365
2269,17,247,"x_{230, 17, 1}",19366
2270,16,247,"x_{231, 16}",19372
2271,15,247,"x_{232, 15}",19377
2272,13,247,"x_{234, 13}",19382
2273,7,247,"x_{240, 7}",19391
2274,65,248,"x_{183, 65}",19402
2275,56,248,"x_{192, 56}",19422
2276,55,248,"x_{193, 55}",19424
2277,29,248,"x_{219, 29}",19566
2278,29,248,"x_{219, 29, 1}",19567
2279,29,248,"x_{219, 29, 2}",19568
2280,27,248,"x_{221, 27}",19578
2281,26,248,"x_{222, 26}",19585
2282,24,248,"x_{224, 24}",19597
2283,24,248,"x_{224, 24, 1}",19598
2284,24,248,"x_{224, 24, 2}",19599
2285,22,248,"x_{226, 22}",19608
2286,22,248,"x_{226, 22, 1}",19609
2287,22,248,"x_{226, 22, 2}",19611
2288,21,248,"x_{227, 21}",19614
2289,21,248,"x_{227, 21, 1}",19615
2290,21,248,"x_{227, 21, 2}",19616
2291,19,248,"x_{229, 19}",19625
2292,18,248,"x_{230, 18}",19629
2293,18,248,"x_{230, 18, 1}",19630
2294,17,248,"x_{231, 17}",19633
2295,15,248,"x_{233, 15}",19645
2296,15,248,"x_{233, 15, 1}",19650
2297,12,248,"x_{236, 12}",19663
2298,11,248,"x_{237, 11}",19667
2299,80,249,"x_{169, 80}",19678
2300,79,249,"x_{170, 79}",19679
2301,38,249,"x_{211, 38}",19816
2302,35,249,"x_{214, 35}",19832
2303,33,249,"x_{216, 33}",19841
2304,32,249,"x_{217, 32}",19847
2305,31,249,"x_{218, 31}",19849
2306,31,249,"x_{218, 31, 1}",19851
2307,31,249,"x_{218, 31, 2}",19852
2308,31,249,"x_{218, 31, 3}",19853
2309,28,249,"x_{221, 28}",19867
2310,28,249,"x_{221, 28, 1}",19869
2311,28,249,"x_{221, 28, 2}",19870
2312,27,249,"x_{222, 27}",19878
2313,27,249,"x_{222, 27, 1}",19879
2314,27,249,"x_{222, 27, 2}",19880
2315,26,249,"x_{223, 26}",19887
2316,24,249,"x_{225, 24}",19901
2317,24,249,"x_{225, 24, 1}",19904
2318,23,249,"x_{226, 23}",19907
2319,23,249,"x_{226, 23, 1}",19910
2320,22,249,"x_{227, 22}",19914
2321,21,249,"x_{228, 21}",19921
2322,20,249,"x_{229, 20}",19924
2323,20,249,"x_{229, 20, 1}",19925
2324,20,249,"x_{229, 20, 2}",19927
2325,20,249,"x_{229, 20, 3}",19928
2326,19,249,"x_{230, 19}",19932
2327,19,249,"x_{230, 19, 1}",19933
2328,18,249,"x_{231, 18}",19938
2329,10,249,"x_{239, 10}",19963
2330,53,250,"x_{197, 53}",19987
2331,53,250,"x_{197, 53, 1}",19988
2332,38,250,"x_{212, 38}",20035
2333,37,250,"x_{213, 37}",20037
2334,35,250,"x_{215, 35}",20047
2335,33,250,"x_{217, 33}",20055
2336,33,250,"x_{217, 33, 1}",20057
2337,32,250,"x_{218, 32}",20064
2338,32,250,"x_{218, 32, 1}",20065
2339,31,250,"x_{219, 31}",20069
2340,31,250,"x_{219, 31, 1}",20071
2341,30,250,"x_{220, 30}",20078
2342,30,250,"x_{220, 30, 1}",20079
2343,29,250,"x_{221, 29}",20089
2344,26,250,"x_{224, 26}",20105
2345,26,250,"x_{224, 26, 1}",20109
2346,25,250,"x_{225, 25}",20115
2347,24,250,"x_{226, 24}",20121
2348,24,250,"x_{226, 24, 1}",20123
2349,23,250,"x_{227, 23}",20128
2350,23,250,"x_{227, 23, 1}",20129
2351,22,250,"x_{228, 22}",20137
2352,22,250,"x_{228, 22, 1}",20140
2353,22,250,"x_{228, 22, 2}",20142
2354,22,250,"x_{228, 22, 3}",20143
2355,21,250,"x_{229, 21}",20146
2356,21,250,"x_{229, 21, 1}",20148
2357,20,250,"x_{230, 20}",20152
2358,20,250,"x_{230, 20, 1}",20154
2359,19,250,"x_{231, 19}",20157
2360,18,250,"x_{232, 18}",20162
2361,18,250,"x_{232, 18, 1}",20164
2362,18,250,"x_{232, 18, 2}",20165
2363,17,250,"x_{233, 17}",20167
2364,17,250,"x_{233, 17, 1}",20169
2365,17,250,"x_{233, 17, 2}",20170
2366,16,250,"x_{234, 16}",20173
2367,16,250,"x_{234, 16, 1}",20175
2368,15,250,"x_{235, 15}",20179
2369,15,250,"x_{235, 15, 1}",20180
2370,15,250,"x_{235, 15, 2}",20181
2371,14,250,"x_{236, 14}",20188
2372,13,250,"x_{237, 13}",20191
2373,12,250,"x_{238, 12}",20193
2374,83,251,"x_{168, 83}",20200
2375,68,251,"x_{183, 68}",20205
2376,66,251,"x_{185, 66}",20207
2377,65,251,"x_{186, 65}",20208
2378,39,251,"x_{212, 39}",20312
2379,36,251,"x_{215, 36}",20329
2380,31,251,"x_{220, 31}",20372
2381,30,251,"x_{221, 30}",20377
2382,26,251,"x_{225, 26}",20397
2383,25,251,"x_{226, 25}",20403
2384,24,251,"x_{227, 24}",20413
2385,23,251,"x_{228, 23}",20419
2386,22,251,"x_{229, 22}",20424
2387,22,251,"x_{229, 22, 1}",20425
2388,21,251,"x_{230, 21}",20430
2389,21,251,"x_{230, 21, 1}",20431
2390,21,251,"x_{230, 21, 2}",20432
2391,20,251,"x_{231, 20}",20436
2392,20,251,"x_{231, 20, 1}",20437
2393,19,251,"x_{232, 19}",20442
2394,19,251,"x_{232, 19, 1}",20443
2395,18,251,"x_{233, 18}",20449
2396,18,251,"x_{233, 18, 1}",20450
2397,16,251,"x_{235, 16}",20455
2398,15,251,"x_{236, 15}",20460
2399,10,251,"x_{241, 10}",20467
2400,77,252,"x_{175, 77}",20475
2401,77,252,"x_{175, 77, 1}",20476
2402,45,252,"x_{207, 45}",20576
2403,38,252,"x_{214, 38}",20616
2404,37,252,"x_{215, 37}",20624
2405,36,252,"x_{216, 36}",20635
2406,33,252,"x_{219, 33}",20653
2407,32,252,"x_{220, 32}",20665
2408,31,252,"x_{221, 31}",20670
2409,31,252,"x_{221, 31, 1}",20673
2410,30,252,"x_{222, 30}",20682
2411,29,252,"x_{223, 29}",20689
2412,28,252,"x_{224, 28}",20695
2413,28,252,"x_{224, 28, 1}",20696
2414,28,252,"x_{224, 28, 2}",20697
2415,28,252,"x_{224, 28, 3}",20699
2416,27,252,"x_{225, 27}",20704
2417,27,252,"x_{225, 27, 1}",20705
2418,27,252,"x_{225, 27, 2}",20707
2419,24,252,"x_{228, 24}",20731
2420,24,252,"x_{228, 24, 1}",20732
2421,22,252,"x_{230, 22}",20744
2422,22,252,"x_{230, 22, 1}",20747
2423,22,252,"x_{230, 22, 2}",20748
2424,21,252,"x_{231, 21}",20751
2425,20,252,"x_{232, 20}",20758
2426,20,252,"x_{232, 20, 1}",20760
2427,20,252,"x_{232, 20, 2}",20761
2428,19,252,"x_{233, 19}",20765
2429,18,252,"x_{234, 18}",20770
2430,17,252,"x_{235, 17}",20773
2431,17,252,"x_{235, 17, 1}",20774
2432,16,252,"x_{236, 16}",20779
2433,15,252,"x_{237, 15}",20784
2434,14,252,"x_{238, 14}",20786
2435,54,253,"x_{199, 54}",20815
2436,53,253,"x_{200, 53}",20816
2437,39,253,"x_{214, 39}",20852
2438,38,253,"x_{215, 38}",20858
2439,33,253,"x_{220, 33}",20889
2440,32,253,"x_{221, 32}",20896
2441,29,253,"x_{224, 29}",20913
2442,29,253,"x_{224, 29, 1}",20915
2443,28,253,"x_{225, 28}",20921
2444,27,253,"x_{226, 27}",20928
2445,27,253,"x_{226, 27, 1}",20931
2446,26,253,"x_{227, 26}",20937
2447,25,253,"x_{228, 25}",20944
2448,25,253,"x_{228, 25, 1}",20945
2449,24,253,"x_{229, 24}",20950
2450,24,253,"x_{229, 24, 1}",20951
2451,24,253,"x_{229, 24, 2}",20953
2452,23,253,"x_{230, 23}",20958
2453,23,253,"x_{230, 23, 1}",20959
2454,23,253,"x_{230, 23, 2}",20962
2455,22,253,"x_{231, 22}",20965
2456,22,253,"x_{231, 22, 1}",20966
2457,22,253,"x_{231, 22, 2}",20969
2458,22,253,"x_{231, 22, 3}",20970
2459,21,253,"x_{232, 21}",20972
2460,21,253,"x_{232, 21, 1}",20975
2461,21,253,"x_{232, 21, 2}",20976
2462,20,253,"x_{233, 20}",20977
2463,20,253,"x_{233, 20, 1}",20979
2464,20,253,"x_{233, 20, 2}",20981
2465,20,253,"x_{233, 20, 3}",20982
2466,19,253,"x_{234, 19}",20983
2467,19,253,"x_{234, 19, 1}",20985
2468,19,253,"x_{234, 19, 2}",20990
2469,18,253,"x_{235, 18}",20991
2470,18,253,"x_{235, 18, 1}",20994
2471,18,253,"x_{235, 18, 2}",20996
2472,18,253,"x_{235, 18, 3}",20997
2473,18,253,"x_{235, 18, 4}",20998
2474,17,253,"x_{236, 17}",20999
2475,17,253,"x_{236, 17, 1}",21000
2476,17,253,"x_{236, 17, 2}",21002
2477,16,253,"x_{237, 16}",21003
2478,16,253,"x_{237, 16, 1}",21006
2479,15,253,"x_{238, 15}",21007
2480,15,253,"x_{238, 15, 1}",21009
2481,15,253,"x_{238, 15, 2}",21010
2482,14,253,"x_{239, 14}",21012
2483,14,253,"x_{239, 14, 1}",21015
2484,13,253,"x_{240, 13}",21017
2485,12,253,"x_{241, 12}",21018
2486,85,254,"x_{169, 85}",21021
2487,62,254,"x_{192, 62}",21038
2488,39,254,"x_{215, 39}",21141
2489,31,254,"x_{223, 31}",21201
2490,30,254,"x_{224, 30}",21206
2491,29,254,"x_{225, 29}",21212
2492,29,254,"x_{225, 29, 1}",21214
2493,29,254,"x_{225, 29, 2}",21216
2494,28,254,"x_{226, 28}",21218
2495,28,254,"x_{226, 28, 1}",21219
2496,27,254,"x_{227, 27}",21222
2497,27,254,"x_{227, 27, 1}",21223
2498,26,254,"x_{228, 26}",21227
2499,26,254,"x_{228, 26, 1}",21228
2500,26,254,"x_{228, 26, 2}",21229
2501,25,254,"x_{229, 25}",21235
2502,25,254,"x_{229, 25, 1}",21237
2503,24,254,"x_{230, 24}",21244
2504,23,254,"x_{231, 23}",21254
2505,23,254,"x_{231, 23, 1}",21257
2506,22,254,"x_{232, 22}",21262
2507,22,254,"x_{232, 22, 1}",21263
2508,22,254,"x_{232, 22, 2}",21265
2509,22,254,"x_{232, 22, 3}",21267
2510,21,254,"x_{233, 21}",21270
2511,21,254,"x_{233, 21, 1}",21271
2512,20,254,"x_{234, 20}",21278
2513,20,254,"x_{234, 20, 1}",21279
2514,20,254,"x_{234, 20, 2}",21280
2515,20,254,"x_{234, 20, 3}",21281
2516,19,254,"x_{235, 19}",21288
2517,19,254,"x_{235, 19, 1}",21290
2518,19,254,"x_{235, 19, 2}",21291
2519,18,254,"x_{236, 18}",21300
2520,18,254,"x_{236, 18, 1}",21301
2521,18,254,"x_{236, 18, 2}",21305
2522,17,254,"x_{237, 17}",21313
2523,16,254,"x_{238, 16}",21316
2524,15,254,"x_{239, 15}",21324
2525,15,254,"x_{239, 15, 1}",21326
2526,15,254,"x_{239, 15, 2}",21328
2527,14,254,"x_{240, 14}",21330
2528,14,254,"x_{240, 14, 1}",21331
2529,14,254,"x_{240, 14, 2}",21333
2530,13,254,"x_{241, 13}",21334
2531,13,254,"x_{241, 13, 1}",21335
2532,12,254,"x_{242, 12}",21339
2533,77,255,"x_{178, 77}",21348
2534,74,255,"x_{181, 74}",21351
2535,73,255,"x_{182, 73}",21353
2536,62,255,"x_{193, 62}",21379
2537,51,255,"x_{204, 51}",21422
2538,51,255,"x_{204, 51, 1}",21423
2539,48,255,"x_{207, 48}",21436
2540,46,255,"x_{209, 46}",21449
2541,45,255,"x_{210, 45}",21454
2542,37,255,"x_{218, 37}",21499
2543,36,255,"x_{219, 36}",21508
2544,34,255,"x_{221, 34}",21517
2545,33,255,"x_{222, 33}",21522
2546,33,255,"x_{222, 33, 1}",21524
2547,32,255,"x_{223, 32}",21530
2548,32,255,"x_{223, 32, 1}",21532
2549,31,255,"x_{224, 31}",21539
2550,30,255,"x_{225, 30}",21547
2551,29,255,"x_{226, 29}",21556
2552,29,255,"x_{226, 29, 1}",21557
2553,28,255,"x_{227, 28}",21566
2554,28,255,"x_{227, 28, 1}",21567
2555,27,255,"x_{228, 27}",21575
2556,27,255,"x_{228, 27, 1}",21580
2557,26,255,"x_{229, 26}",21590
2558,25,255,"x_{230, 25}",21598
2559,24,255,"x_{231, 24}",21604
2560,22,255,"x_{233, 22}",21616
2561,22,255,"x_{233, 22, 1}",21618
2562,20,255,"x_{235, 20}",21628
2563,19,255,"x_{236, 19}",21634
2564,19,255,"x_{236, 19, 1}",21635
2565,18,255,"x_{237, 18}",21639
2566,18,255,"x_{237, 18, 1}",21640
2567,17,255,"x_{238, 17}",21645
2568,17,255,"x_{238, 17, 1}",21646
2569,17,255,"x_{238, 17, 2}",21647
2570,17,255,"x_{238, 17, 3}",21648
2571,17,255,"x_{238, 17, 4}",21651
2572,16,255,"x_{239, 16}",21655
2573,16,255,"x_{239, 16, 1}",21656
2574,15,255,"x_{240, 15}",21664
2575,14,255,"x_{241, 14}",21666
2576,13,255,"x_{242, 13}",21667
2577,12,255,"x_{243, 12}",21669
2578,85,256,"x_{171, 85}",21675
2579,55,256,"x_{201, 55}",21700
2580,48,256,"x_{208, 48}",21718
2581,38,256,"x_{218, 38}",21757
2582,34,256,"x_{222, 34}",21777
2583,34,256,"x_{222, 34, 1}",21779
2584,29,256,"x_{227, 29}",21813
2585,27,256,"x_{229, 27}",21831
2586,25,256,"x_{231, 25}",21842
2587,25,256,"x_{231, 25, 1}",21843
2588,25,256,"x_{231, 25, 2}",21845
2589,24,256,"x_{232, 24}",21847
2590,24,256,"x_{232, 24, 1}",21848
2591,24,256,"x_{232, 24, 2}",21851
2592,23,256,"x_{233, 23}",21855
2593,23,256,"x_{233, 23, 1}",21857
2594,23,256,"x_{233, 23, 2}",21860
2595,23,256,"x_{233, 23, 3}",21862
2596,23,256,"x_{233, 23, 4}",21864
2597,22,256,"x_{234, 22}",21867
2598,22,256,"x_{234, 22, 1}",21869
2599,22,256,"x_{234, 22, 2}",21870
2600,22,256,"x_{234, 22, 3}",21873
2601,21,256,"x_{235, 21}",21880
2602,21,256,"x_{235, 21, 1}",21883
2603,21,256,"x_{235, 21, 2}",21884
2604,21,256,"x_{235, 21, 3}",21885
2605,20,256,"x_{236, 20}",21889
2606,20,256,"x_{236, 20, 1}",21890
2607,20,256,"x_{236, 20, 2}",21894
2608,19,256,"x_{237, 19}",21904
2609,19,256,"x_{237, 19, 1}",21907
2610,19,256,"x_{237, 19, 2}",21911
2611,18,256,"x_{238, 18}",21918
2612,18,256,"x_{238, 18, 1}",21926
2613,18,256,"x_{238, 18, 2}",21927
2614,17,256,"x_{239, 17}",21930
2615,17,256,"x_{239, 17, 1}",21932
2616,17,256,"x_{239, 17, 2}",21934
2617,17,256,"x_{239, 17, 3}",21935
2618,16,256,"x_{240, 16}",21939
2619,16,256,"x_{240, 16, 1}",21941
2620,15,256,"x_{241, 15}",21947
2621,14,256,"x_{242, 14}",21950
2622,13,256,"x_{243, 13}",21952
2623,11,256,"x_{245, 11}",21957
2624,9,256,"x_{247, 9}",21960
2625,8,256,"x_{248, 8}",21961
2626,1,256,h_8,21963
2627,59,257,"x_{198, 59}",21993
2628,43,257,"x_{214, 43}",22062
2629,36,257,"x_{221, 36}",22109
2630,30,257,"x_{227, 30}",22156
2631,28,257,"x_{229, 28}",22170
2632,27,257,"x_{230, 27}",22174
2633,26,257,"x_{231, 26}",22182
2634,26,257,"x_{231, 26, 1}",22184
2635,25,257,"x_{232, 25}",22189
2636,25,257,"x_{232, 25, 1}",22190
2637,25,257,"x_{232, 25, 2}",22191
2638,23,257,"x_{234, 23}",22203
2639,23,257,"x_{234, 23, 1}",22204
2640,23,257,"x_{234, 23, 2}",22205
2641,22,257,"x_{235, 22}",22212
2642,21,257,"x_{236, 21}",22222
2643,21,257,"x_{236, 21, 1}",22223
2644,21,257,"x_{236, 21, 2}",22224
2645,21,257,"x_{236, 21, 3}",22225
2646,21,257,"x_{236, 21, 4}",22226
2647,20,257,"x_{237, 20}",22234
2648,20,257,"x_{237, 20, 1}",22235
2649,20,257,"x_{237, 20, 2}",22236
2650,19,257,"x_{238, 19}",22247
2651,19,257,"x_{238, 19, 1}",22248
2652,19,257,"x_{238, 19, 2}",22249
2653,19,257,"x_{238, 19, 3}",22251
2654,19,257,"x_{238, 19, 4}",22252
2655,18,257,"x_{239, 18}",22259
2656,18,257,"x_{239, 18, 1}",22260
2657,18,257,"x_{239, 18, 2}",22262
2658,17,257,"x_{240, 17}",22269
2659,17,257,"x_{240, 17, 1}",22270
2660,17,257,"x_{240, 17, 2}",22272
2661,17,257,"x_{240, 17, 3}",22274
2662,16,257,"x_{241, 16}",22277
2663,16,257,"x_{241, 16, 1}",22278
2664,16,257,"x_{241, 16, 2}",22281
2665,15,257,"x_{242, 15}",22282
2666,12,257,"x_{245, 12}",22287
2667,9,257,"x_{248, 9}",22293
2668,8,257,"x_{249, 8}",22294
2669,5,257,"x_{252, 5}",22295
2670,84,258,"x_{174, 84}",22300
2671,74,258,"x_{184, 74}",22310
2672,73,258,"x_{185, 73}",22312
2673,62,258,"x_{196, 62}",22337
2674,61,258,"x_{197, 61}",22338
2675,46,258,"x_{212, 46}",22410
2676,38,258,"x_{220, 38}",22455
2677,37,258,"x_{221, 37}",22461
2678,37,258,"x_{221, 37, 1}",22463
2679,34,258,"x_{224, 34}",22484
2680,34,258,"x_{224, 34, 1}",22487
2681,33,258,"x_{225, 33}",22495
2682,26,258,"x_{232, 26}",22548
2683,26,258,"x_{232, 26, 1}",22550
2684,25,258,"x_{233, 25}",22556
2685,25,258,"x_{233, 25, 1}",22557
2686,25,258,"x_{233, 25, 2}",22559
2687,24,258,"x_{234, 24}",22564
2688,24,258,"x_{234, 24, 1}",22566
2689,22,258,"x_{236, 22}",22578
2690,21,258,"x_{237, 21}",22584
2691,21,258,"x_{237, 21, 1}",22587
2692,20,258,"x_{238, 20}",22595
2693,19,258,"x_{239, 19}",22603
2694,18,258,"x_{240, 18}",22609
2695,18,258,"x_{240, 18, 1}",22610
2696,17,258,"x_{241, 17}",22618
2697,17,258,"x_{241, 17, 1}",22619
2698,17,258,"x_{241, 17, 2}",22621
2699,17,258,"x_{241, 17, 3}",22622
2700,17,258,"x_{241, 17, 4}",22623
2701,17,258,"x_{241, 17, 5}",22624
2702,16,258,"x_{242, 16}",22628
2703,16,258,"x_{242, 16, 1}",22629
2704,16,258,"x_{242, 16, 2}",22630
2705,16,258,"x_{242, 16, 3}",22631
2706,16,258,"x_{242, 16, 4}",22632
2707,16,258,"x_{242, 16, 5}",22633
2708,16,258,"x_{242, 16, 6}",22634
2709,16,258,"x_{242, 16, 7}",22635
2710,15,258,"x_{243, 15}",22636
2711,15,258,"x_{243, 15, 1}",22637
2712,15,258,"x_{243, 15, 2}",22638
2713,15,258,"x_{243, 15, 3}",22639
2714,15,258,"x_{243, 15, 4}",22640
2715,15,258,"x_{243, 15, 5}",22641
2716,15,258,"x_{243, 15, 6}",22642
2717,14,258,"x_{244, 14}",22644
2718,14,258,"x_{244, 14, 1}",22645
2719,14,258,"x_{244, 14, 2}",22646
2720,14,258,"x_{244, 14, 3}",22647
2721,14,258,"x_{244, 14, 4}",22648
2722,14,258,"x_{244, 14, 5}",22649
2723,14,258,"x_{244, 14, 6}",22650
2724,13,258,"x_{245, 13}",22652
2725,13,258,"x_{245, 13, 1}",22653
2726,13,258,"x_{245, 13, 2}",22654
2727,13,258,"x_{245, 13, 3}",22655
2728,13,258,"x_{245, 13, 4}",22657
2729,12,258,"x_{246, 12}",22659
2730,12,258,"x_{246, 12, 1}",22660
2731,12,258,"x_{246, 12, 2}",22661
2732,12,258,"x_{246, 12, 3}",22663
2733,11,258,"x_{247, 11}",22665
2734,11,258,"x_{247, 11, 1}",22666
2735,11,258,"x_{247, 11, 2}",22667
2736,10,258,"x_{248, 10}",22669
2737,7,258,"x_{251, 7}",22674
2738,55,259,"x_{204, 55}",22705
2739,46,259,"x_{213, 46}",22725
2740,45,259,"x_{214, 45}",22728
2741,43,259,"x_{216, 43}",22739
2742,42,259,"x_{217, 42}",22741
2743,37,259,"x_{222, 37}",22771
2744,30,259,"x_{229, 30}",22812
2745,29,259,"x_{230, 29}",22816
2746,29,259,"x_{230, 29, 1}",22819
2747,28,259,"x_{231, 28}",22828
2748,27,259,"x_{232, 27}",22833
2749,25,259,"x_{234, 25}",22849
2750,25,259,"x_{234, 25, 1}",22851
2751,25,259,"x_{234, 25, 2}",22854
2752,24,259,"x_{235, 24}",22857
2753,24,259,"x_{235, 24, 1}",22864
2754,23,259,"x_{236, 23}",22868
2755,23,259,"x_{236, 23, 1}",22869
2756,23,259,"x_{236, 23, 2}",22872
2757,23,259,"x_{236, 23, 3}",22874
2758,23,259,"x_{236, 23, 4}",22875
2759,23,259,"x_{236, 23, 5}",22876
2760,23,259,"x_{236, 23, 6}",22878
2761,22,259,"x_{237, 22}",22888
2762,21,259,"x_{238, 21}",22897
2763,21,259,"x_{238, 21, 1}",22899
2764,20,259,"x_{239, 20}",22908
2765,19,259,"x_{240, 19}",22916
2766,19,259,"x_{240, 19, 1}",22919
2767,19,259,"x_{240, 19, 2}",22920
2768,18,259,"x_{241, 18}",22924
2769,18,259,"x_{241, 18, 1}",22927
2770,18,259,"x_{241, 18, 2}",22928
2771,18,259,"x_{241, 18, 3}",22929
2772,16,259,"x_{243, 16}",22943
2773,16,259,"x_{243, 16, 1}",22948
2774,15,259,"x_{244, 15}",22953
2775,15,259,"x_{244, 15, 1}",22954
2776,15,259,"x_{244, 15, 2}",22955
2777,15,259,"x_{244, 15, 3}",22961
2778,15,259,"x_{244, 15, 4}",22962
2779,14,259,"x_{245, 14}",22964
2780,14,259,"x_{245, 14, 1}",22965
2781,14,259,"x_{245, 14, 2}",22966
2782,13,259,"x_{246, 13}",22971
2783,13,259,"x_{246, 13, 1}",22972
2784,13,259,"x_{246, 13, 2}",22973
2785,12,259,"x_{247, 12}",22976
2786,11,259,"x_{248, 11}",22980
2787,8,259,"x_{251, 8}",22984
2788,7,259,"x_{252, 7}",22986
2789,72,260,"x_{188, 72}",23000
2790,70,260,"x_{190, 70}",23002
2791,69,260,"x_{191, 69}",23003
2792,60,260,"x_{200, 60}",23018
2793,59,260,"x_{201, 59}",23021
2794,37,260,"x_{223, 37}",23145
2795,36,260,"x_{224, 36}",23154
2796,34,260,"x_{226, 34}",23171
2797,33,260,"x_{227, 33}",23177
2798,30,260,"x_{230, 30}",23187
2799,29,260,"x_{231, 29}",23195
2800,29,260,"x_{231, 29, 1}",23197
2801,28,260,"x_{232, 28}",23205
2802,28,260,"x_{232, 28, 1}",23206
2803,28,260,"x_{232, 28, 2}",23208
2804,28,260,"x_{232, 28, 3}",23209
2805,27,260,"x_{233, 27}",23211
2806,27,260,"x_{233, 27, 1}",23213
2807,26,260,"x_{234, 26}",23220
2808,26,260,"x_{234, 26, 1}",23223
2809,25,260,"x_{235, 25}",23232
2810,25,260,"x_{235, 25, 1}",23235
2811,24,260,"x_{236, 24}",23244
2812,24,260,"x_{236, 24, 1}",23247
2813,23,260,"x_{237, 23}",23253
2814,23,260,"x_{237, 23, 1}",23254
2815,23,260,"x_{237, 23, 2}",23255
2816,23,260,"x_{237, 23, 3}",23256
2817,23,260,"x_{237, 23, 4}",23258
2818,22,260,"x_{238, 22}",23263
2819,22,260,"x_{238, 22, 1}",23264
2820,22,260,"x_{238, 22, 2}",23265
2821,21,260,"x_{239, 21}",23274
2822,21,260,"x_{239, 21, 1}",23275
2823,21,260,"x_{239, 21, 2}",23276
2824,20,260,"x_{240, 20}",23281
2825,20,260,"x_{240, 20, 1}",23282
2826,20,260,"x_{240, 20, 2}",23284
2827,19,260,"x_{241, 19}",23294
2828,19,260,"x_{241, 19, 1}",23295
2829,19,260,"x_{241, 19, 2}",23296
2830,19,260,"x_{241, 19, 3}",23297
2831,19,260,"x_{241, 19, 4}",23299
2832,19,260,"x_{241, 19, 5}",23301
2833,19,260,"x_{241, 19, 6}",23303
2834,18,260,"x_{242, 18}",23310
2835,18,260,"x_{242, 18, 1}",23311
2836,18,260,"x_{242, 18, 2}",23312
2837,17,260,"x_{243, 17}",23327
2838,17,260,"x_{243, 17, 1}",23330
2839,16,260,"x_{244, 16}",23337
2840,16,260,"x_{244, 16, 1}",23338
2841,16,260,"x_{244, 16, 2}",23340
2842,16,260,"x_{244, 16, 3}",23345
2843,15,260,"x_{245, 15}",23352
2844,15,260,"x_{245, 15, 1}",23357
2845,14,260,"x_{246, 14}",23363
2846,13,260,"x_{247, 13}",23370
2847,11,260,"x_{249, 11}",23378
2848,10,260,"x_{250, 10}",23380
2849,10,260,"x_{250, 10, 1}",23381
2850,9,260,"x_{251, 9}",23384
2851,8,260,"x_{252, 8}",23389
2852,8,260,"x_{252, 8, 1}",23390
2853,8,260,"x_{252, 8, 2}",23392
2854,7,260,"x_{253, 7}",23394
2855,7,260,"x_{253, 7, 1}",23395
2856,6,260,"x_{254, 6}",23397
2857,5,260,"x_{255, 5}",23399
2858,4,260,"x_{256, 4}",23401
2859,84,261,"x_{177, 84}",23408
2860,83,261,"x_{178, 83}",23409
2861,42,261,"x_{219, 42}",23551
2862,39,261,"x_{222, 39}",23572
2863,37,261,"x_{224, 37}",23585
2864,37,261,"x_{224, 37, 1}",23588
2865,36,261,"x_{225, 36}",23591
2866,35,261,"x_{226, 35}",23597
2867,32,261,"x_{229, 32}",23614
2868,32,261,"x_{229, 32, 1}",23615
2869,31,261,"x_{230, 31}",23622
2870,26,261,"x_{235, 26}",23666
2871,25,261,"x_{236, 25}",23674
2872,24,261,"x_{237, 24}",23683
2873,23,261,"x_{238, 23}",23692
2874,23,261,"x_{238, 23, 1}",23693
2875,22,261,"x_{239, 22}",23701
2876,22,261,"x_{239, 22, 1}",23702
2877,22,261,"x_{239, 22, 2}",23704
2878,21,261,"x_{240, 21}",23710
2879,21,261,"x_{240, 21, 1}",23711
2880,21,261,"x_{240, 21, 2}",23714
2881,21,261,"x_{240, 21, 3}",23715
2882,20,261,"x_{241, 20}",23719
2883,20,261,"x_{241, 20, 1}",23720
2884,20,261,"x_{241, 20, 2}",23724
2885,19,261,"x_{242, 19}",23737
2886,18,261,"x_{243, 18}",23745
2887,18,261,"x_{243, 18, 1}",23748
2888,17,261,"x_{244, 17}",23754
2889,17,261,"x_{244, 17, 1}",23757
2890,17,261,"x_{244, 17, 2}",23758
2891,17,261,"x_{244, 17, 3}",23761
2892,17,261,"x_{244, 17, 4}",23763
2893,16,261,"x_{245, 16}",23769
2894,16,261,"x_{245, 16, 1}",23770
2895,16,261,"x_{245, 16, 2}",23773
2896,15,261,"x_{246, 15}",23777
2897,15,261,"x_{246, 15, 1}",23780
2898,14,261,"x_{247, 14}",23782
2899,14,261,"x_{247, 14, 1}",23783
2900,14,261,"x_{247, 14, 2}",23784
2901,14,261,"x_{247, 14, 3}",23785
2902,13,261,"x_{248, 13}",23788
2903,13,261,"x_{248, 13, 1}",23789
2904,12,261,"x_{249, 12}",23793
2905,12,261,"x_{249, 12, 1}",23794
2906,11,261,"x_{250, 11}",23795
2907,11,261,"x_{250, 11, 1}",23796
2908,11,261,"x_{250, 11, 2}",23799
2909,10,261,"x_{251, 10}",23802
2910,9,261,"x_{252, 9}",23809
2911,8,261,"x_{253, 8}",23811
2912,8,261,"x_{253, 8, 1}",23812
2913,7,261,"x_{254, 7}",23814
